fold,account_id,trade_date,true_pnl,pred_var,true_large_loss,pred_loss_proba
1,3942,2025-01-24,-5716.28309998,-5529.623659262499,1,0.151316260830812
1,3942,2025-01-27,-4812.6683,-6058.123476626704,1,0.14215421773163656
1,3942,2025-01-28,-1270.6276,-4809.239562929627,0,0.14664118819123476
1,3942,2025-01-29,-282.22670000000005,-5263.368638805531,0,0.14215421773163656
1,3942,2025-01-30,-853.6584,-5272.752851454783,0,0.151316260830812
1,3942,2025-01-31,-157.954377,-4785.910269182151,0,0.14664118819123476
1,3942,2025-02-03,-8.627193000000034,-5312.758633646247,0,0.14215421773163656
1,3942,2025-02-04,-1514.1967740000002,-5246.302288030546,0,0.151316260830812
1,3942,2025-02-05,-2500.806302,-5400.035206418524,0,0.151316260830812
1,3942,2025-02-06,596.6897449999999,-2843.0568620516156,0,0.053863091790044955
1,3942,2025-02-07,-1821.5348,-2584.852577729001,0,0.07129379921486763
1,3942,2025-02-10,-90.97485000000012,-1751.2819112155594,0,0.053863091790044955
1,3942,2025-02-11,-1079.0115,-2411.1182201041966,0,0.07129379921486763
1,3942,2025-02-12,0.0,-2130.6960676619633,0,0.05771751233885727
1,3942,2025-02-13,0.0,-1020.6466120125623,0,0.057789140721907335
1,3942,2025-02-14,0.0,-1122.5055015644677,0,0.053501048074862154
1,3942,2025-02-17,0.0,-1080.1461535917545,0,0.053501048074862154
1,3942,2025-02-18,0.0,-1028.2836437305143,0,0.053501048074862154
1,3942,2025-02-19,0.0,-979.3747077200709,0,0.053501048074862154
1,3942,2025-02-20,496.6133,-765.3655037482471,0,0.053501048074862154
1,3942,2025-02-21,2935.2605,-1725.787090203363,0,0.07536112290286498
1,3943,2025-01-24,0.0,-306.8777953073427,0,0.036693804772419514
1,3943,2025-01-27,0.0,-306.8777953073427,0,0.036693804772419514
1,3943,2025-01-28,0.0,-306.8777953073427,0,0.036693804772419514
1,3943,2025-01-29,0.0,-306.8777953073427,0,0.036693804772419514
1,3943,2025-01-30,0.0,-306.8777953073427,0,0.036693804772419514
1,3943,2025-01-31,0.0,-306.8777953073427,0,0.036693804772419514
1,3943,2025-02-03,0.0,-306.8777953073427,0,0.036693804772419514
1,3943,2025-02-04,0.0,-306.8777953073427,0,0.036693804772419514
1,3943,2025-02-05,0.0,-306.8777953073427,0,0.036693804772419514
1,3943,2025-02-06,0.0,-306.8777953073427,0,0.036693804772419514
1,3943,2025-02-07,21.0078,-306.8777953073427,0,0.036693804772419514
1,3943,2025-02-10,-115.33713,-166.96951188645932,0,0.036693804772419514
1,3943,2025-02-11,0.0,-870.6076013866049,0,0.03667873769443757
1,3943,2025-02-12,-28.6383,-1145.0386292718863,0,0.03663671205677014
1,3943,2025-02-13,0.0,-1217.4507642518709,0,0.03663671205677014
1,3943,2025-02-14,0.0,-642.3281814650982,0,0.03663671205677014
1,3943,2025-02-17,487.8909800000002,-642.3281814650982,0,0.03663671205677014
1,3943,2025-02-18,-6054.1181,-1943.458491822037,0,0.038751205628312496
1,3943,2025-02-19,1405.7066,-3413.3547029485385,0,0.09371299771603375
1,3943,2025-02-20,1783.6434499999998,-7855.175397937102,0,0.06211161689125424
1,3943,2025-02-21,1018.39908,-7010.865387196736,0,0.07023331918366707
1,3946,2025-01-24,1695.2189000000005,-4809.035997959141,0,0.12814033473722194
1,3946,2025-01-27,4863.388199999999,-6523.753198481357,0,0.151316260830812
1,3946,2025-01-28,-1567.1842000000001,-6184.255048255942,0,0.1825620698308837
1,3946,2025-01-29,2599.713,-5712.470061290369,0,0.1825620698308837
1,3946,2025-01-30,-3606.2171,-6518.010540837429,0,0.1825620698308837
1,3946,2025-01-31,-965.716555,-5815.272975281959,0,0.1825620698308837
1,3946,2025-02-03,1990.1992529999998,-5378.177971847922,0,0.1825620698308837
1,3946,2025-02-04,-3028.929968,-5759.640258634435,0,0.1825620698308837
1,3946,2025-02-05,-483.95836699999984,-5457.297959410915,0,0.1825620698308837
1,3946,2025-02-06,-3608.354588,-5251.634911140238,0,0.14664118819123476
1,3946,2025-02-07,1023.701163,-5312.405180143355,0,0.1825620698308837
1,3946,2025-02-10,89.00544600000012,-4880.014858433146,0,0.14664118819123476
1,3946,2025-02-11,-3327.855044,-5410.434366359599,0,0.14664118819123476
1,3946,2025-02-12,421.720957,-4218.521674079114,0,0.1825620698308837
1,3946,2025-02-13,1874.283588,-5219.846367918752,0,0.14664118819123476
1,3946,2025-02-14,0.0,-4474.616933448784,0,0.06659682102559643
1,3946,2025-02-17,40.61150700000002,-4207.215125866546,0,0.10613142460665781
1,3946,2025-02-18,4426.991682,-5298.494437140677,0,0.14664118819123476
1,3946,2025-02-19,5331.218017,-3906.1648810539764,0,0.07031593782360607
1,3946,2025-02-20,2069.08425,-5683.749451176338,0,0.17687181135449784
1,3946,2025-02-21,1166.18163,-5623.536700192188,0,0.17687181135449784
1,3950,2025-01-24,9921.458900000001,-24357.52027237148,0,0.14664118819123476
1,3950,2025-01-27,19683.7169,-25756.96461824976,0,0.14664118819123476
1,3950,2025-01-28,12079.4468,-23149.58690079136,0,0.14664118819123476
1,3950,2025-01-29,-57900.501000000004,-28088.40393692847,1,0.14664118819123476
1,3950,2025-01-30,-7808.4863000000005,-26159.799120878277,0,0.14664118819123476
1,3950,2025-01-31,22503.057156000003,-22622.213884483954,0,0.14664118819123476
1,3950,2025-02-03,348.2048479999976,-28446.439109748204,0,0.1825620698308837
1,3950,2025-02-04,-2011.204178,-27931.111170396758,0,0.1825620698308837
1,3950,2025-02-05,-3783.833090000001,-28022.51162767029,0,0.1825620698308837
1,3950,2025-02-06,19829.564941,-28437.262717689886,0,0.1825620698308837
1,3950,2025-02-07,49251.381810000006,-31307.550686672763,0,0.14664118819123476
1,3950,2025-02-10,-30095.176165999997,-32087.691594076983,1,0.17687181135449784
1,3950,2025-02-11,-7113.552761999999,-38600.56697226378,0,0.17687181135449784
1,3950,2025-02-12,-6210.766087999999,-35568.53994052308,0,0.17687181135449784
1,3950,2025-02-13,-48759.208685000005,-29017.08270131327,1,0.1825620698308837
1,3950,2025-02-14,0.0,-34920.72072699482,0,0.1825620698308837
1,3950,2025-02-17,-60971.17350002,-24328.79234505652,1,0.10613142460665781
1,3950,2025-02-18,-6103.192549,-24590.51612108684,0,0.17687181135449784
1,3950,2025-02-19,-16932.692414,-23770.70488012748,0,0.15422396465964766
1,3950,2025-02-20,18636.5256733,-22680.809743135873,0,0.15422396465964766
1,3950,2025-02-21,-17085.789514,-27315.40846028655,0,0.15422396465964766
1,3951,2025-01-24,8825.9727,-5920.644727472647,0,0.11195906781770443
1,3951,2025-01-27,7179.046,-6661.954503286635,0,0.09946023268017722
1,3951,2025-01-28,204.0713999999998,-9156.026100124502,0,0.09946023268017722
1,3951,2025-01-29,6841.277300000001,-7675.522729063982,0,0.14215421773163656
1,3951,2025-01-30,-6337.5308,-10030.03136445479,0,0.1825620698308837
1,3951,2025-01-31,-4106.636216000001,-8364.743928651915,0,0.1825620698308837
1,3951,2025-02-03,-863.4291129999999,-8603.039041417944,0,0.1825620698308837
1,3951,2025-02-04,-3831.838635,-9581.176101680361,0,0.1825620698308837
1,3951,2025-02-05,8744.856054,-8365.200380489025,0,0.14664118819123476
1,3951,2025-02-06,-6469.298629,-8463.941813174806,1,0.14664118819123476
1,3951,2025-02-07,-6832.8786789999995,-7782.314352663985,1,0.1825620698308837
1,3951,2025-02-10,66.92044599999986,-8120.823234315964,0,0.14664118819123476
1,3951,2025-02-11,-242.79105400000003,-7905.711640838745,0,0.14664118819123476
1,3951,2025-02-12,4083.387465,-6458.830516156849,0,0.1825620698308837
1,3951,2025-02-13,-6401.221253,-7282.638555273033,1,0.1825620698308837
1,3951,2025-02-14,0.0,-7047.990704640274,0,0.14664118819123476
1,3951,2025-02-17,-2429.3340160000002,-5596.52416515946,0,0.08624987155191748
1,3951,2025-02-18,4952.184493,-4743.950699878763,0,0.14664118819123476
1,3951,2025-02-19,4238.788237,-6355.397209157179,0,0.14664118819123476
1,3951,2025-02-20,-4676.157304,-6532.933894012628,0,0.14664118819123476
1,3951,2025-02-21,54.87989999999991,-5093.502271539662,0,0.10613142460665781
1,3956,2025-01-24,-8910.8904,-4664.043258929732,1,0.09589498222122562
1,3956,2025-01-27,0.0,-6766.335172574897,0,0.14338802176489474
1,3956,2025-01-28,368.68459999999993,-5200.446072212563,0,0.08344576342581461
1,3956,2025-01-29,4976.3831,-6308.282012174733,0,0.08344576342581461
1,3956,2025-01-30,-2329.7214000000004,-5913.606940636713,0,0.08344576342581461
1,3956,2025-01-31,-3624.733366,-6836.618388908976,0,0.11195906781770443
1,3956,2025-02-03,-2463.8810999999996,-5226.250756799792,0,0.10276103396952044
1,3956,2025-02-04,2262.844572,-6238.177265884296,0,0.09946023268017722
1,3956,2025-02-05,-3968.1371010000003,-7012.49644586738,0,0.09946023268017722
1,3956,2025-02-06,-3515.330447,-6644.956908424232,0,0.09946023268017722
1,3956,2025-02-07,0.0,-5626.246125558097,0,0.08344576342581461
1,3956,2025-02-10,9907.17335,-3900.167928562763,0,0.08344576342581461
1,3956,2025-02-11,0.0,-6029.358902466401,0,0.11929294589864414
1,3956,2025-02-12,-763.6315,-6095.987281044461,0,0.11929294589864414
1,3956,2025-02-13,5612.995921,-4619.478360595505,0,0.09589498222122562
1,3956,2025-02-14,0.0,-6620.397238444181,0,0.1495985607461139
1,3956,2025-02-17,314.03095,-5403.689743555138,0,0.12814033473722194
1,3956,2025-02-18,-3453.8049,-5977.199279283997,0,0.1455877891946363
1,3956,2025-02-19,-8166.490538,-5529.62217743158,1,0.12814033473722194
1,3956,2025-02-20,0.0,-7053.1224196933645,0,0.151316260830812
1,3956,2025-02-21,0.0,-5045.423039827498,0,0.12018285051220431
1,4003,2025-01-24,1534.0442,-3083.205947946848,0,0.07141672886906608
1,4003,2025-01-27,-850.3179,-4411.568898314295,0,0.07129379921486763
1,4003,2025-01-28,-1004.9335000000002,-3745.995547981523,0,0.08624987155191748
1,4003,2025-01-29,346.3692,-4192.812519196957,0,0.07525407216260531
1,4003,2025-01-30,-3198.4224,-3707.9607572906525,0,0.06659682102559643
1,4003,2025-01-31,-1968.8415749999997,-3845.053661550543,0,0.07054467984632849
1,4003,2025-02-03,-473.268279,-2734.0747209945243,0,0.06681433402849792
1,4003,2025-02-04,2184.894523,-2734.7198151739644,0,0.06659682102559643
1,4003,2025-02-05,937.3243,-3745.746819444909,0,0.06659682102559643
1,4003,2025-02-06,-281.6557,-4334.806598775781,0,0.07031593782360607
1,4003,2025-02-07,-904.274977,-5163.052476738184,0,0.07031593782360607
1,4003,2025-02-10,-1270.172161,-5816.980535619418,0,0.07525407216260531
1,4003,2025-02-11,-1442.358602,-2838.3115966164887,0,0.05691445075772255
1,4003,2025-02-12,-456.8659,-3226.399507588468,0,0.053863091790044955
1,4003,2025-02-13,0.0,-2702.8772008514525,0,0.06659682102559643
1,4003,2025-02-14,0.0,-1876.7855239220044,0,0.07129379921486763
1,4003,2025-02-17,-1538.87959,-1012.5233063980434,0,0.058326798002467206
1,4003,2025-02-18,445.63194500000003,-1331.2850324646402,0,0.047094565960695785
1,4003,2025-02-19,3453.0643499999996,-1908.4166911810437,0,0.051487639114343495
1,4003,2025-02-20,-1379.66044,-3020.375380759663,0,0.06920629065986403
1,4003,2025-02-21,-1348.402905,-3901.123293181361,0,0.07549757371083396
1,4004,2025-01-24,117029.7407,-9904.965467650372,0,0.14664118819123476
1,4004,2025-01-27,-31445.481200000002,-19883.899342700977,0,0.14664118819123476
1,4004,2025-01-28,10980.798200000001,-59442.95571874737,0,0.14664118819123476
1,4004,2025-01-29,7761.068399969995,-59648.83652063262,0,0.14664118819123476
1,4004,2025-01-30,62296.09130002,-57102.97439092915,0,0.14664118819123476
1,4004,2025-01-31,-6550.300227,-49319.762200506564,0,0.14664118819123476
1,4004,2025-02-03,40195.222381,-53455.678487493344,0,0.14664118819123476
1,4004,2025-02-04,31246.745990999996,-53042.713935239204,0,0.14664118819123476
1,4004,2025-02-05,-61146.048938,-48193.30588418251,1,0.14664118819123476
1,4004,2025-02-06,-84501.930445,-46570.359671519436,1,0.14664118819123476
1,4004,2025-02-07,8455.370624000001,-35512.13526024775,0,0.14664118819123476
1,4004,2025-02-10,9563.703166,-32673.821432327375,0,0.14664118819123476
1,4004,2025-02-11,-61566.788283,-33711.662215028715,1,0.14664118819123476
1,4004,2025-02-12,-17387.24387,-42336.52159553272,0,0.14664118819123476
1,4004,2025-02-13,36511.384525,-29960.999042285435,0,0.14664118819123476
1,4004,2025-02-14,0.0,-39267.14432226276,0,0.14664118819123476
1,4004,2025-02-17,4725.776267000001,-37034.447328949085,0,0.10613142460665781
1,4004,2025-02-18,29988.633359,-43156.70708347303,0,0.14664118819123476
1,4004,2025-02-19,14297.182868,-35250.06413792023,0,0.14664118819123476
1,4004,2025-02-20,15653.238106,-45050.03080026962,0,0.14664118819123476
1,4004,2025-02-21,0.0,-41033.150665822846,0,0.14664118819123476
1,4396,2025-01-24,4075.2578999999996,-7670.280515998816,0,0.151316260830812
1,4396,2025-01-27,0.0,-8041.103777031886,0,0.151316260830812
1,4396,2025-01-28,4783.424599999999,-6250.15197191051,0,0.10613142460665781
1,4396,2025-01-29,-387.9950999999995,-6866.082409734708,0,0.151316260830812
1,4396,2025-01-30,4454.797100000001,-7358.603253149605,0,0.151316260830812
1,4396,2025-01-31,-793.2139159999997,-8360.420095925592,0,0.14215421773163656
1,4396,2025-02-03,8883.98916,-5246.286153807343,0,0.14664118819123476
1,4396,2025-02-04,-1228.860568,-8372.609319173825,0,0.1825620698308837
1,4396,2025-02-05,-11219.291737,-6892.817534431143,1,0.1825620698308837
1,4396,2025-02-06,2555.0860860000003,-7126.534519533426,0,0.1825620698308837
1,4396,2025-02-07,0.0,-8723.46175637491,0,0.14664118819123476
1,4396,2025-02-10,30132.347153,-5887.887051007379,0,0.10613142460665781
1,4396,2025-02-11,209.54965200000015,-7978.203303694647,0,0.11327832970829961
1,4396,2025-02-12,-7226.774622,-6170.802017005632,1,0.15603981978684162
1,4396,2025-02-13,0.0,-8065.819452412067,0,0.19374027855387488
1,4396,2025-02-14,0.0,-7079.870766000393,0,0.10613142460665781
1,4396,2025-02-17,-2674.587982,-7079.870766000393,0,0.11327832970829961
1,4396,2025-02-18,-1294.9761569999998,-7088.012920502529,0,0.15187671355213098
1,4396,2025-02-19,10648.010972,-6105.955841880292,0,0.14664118819123476
1,4396,2025-02-20,-14941.916664,-8478.75604509661,1,0.1825620698308837
1,4396,2025-02-21,1914.8389999999997,-6586.300613754025,0,0.14664118819123476
1,5093,2025-01-24,500.0274,-249.93113232029282,0,0.07139565131572144
1,5093,2025-01-27,65.5449,-417.32699822461075,0,0.15291244261658155
1,5093,2025-01-28,-101.9547,-268.4985770878818,0,0.15291244261658155
1,5093,2025-01-29,71.12390000000002,-256.9333149000785,0,0.15291244261658155
1,5093,2025-01-30,68.9779,-275.9687512341493,0,0.07139565131572144
1,5093,2025-01-31,-25.885409999999993,-623.686573261827,0,0.15291244261658155
1,5093,2025-02-03,417.1451,-274.23256347099306,0,0.15291244261658155
1,5093,2025-02-04,70.14289999999997,-284.7516896651599,0,0.15291244261658155
1,5093,2025-02-05,-274.24529998,-772.195341202708,1,0.16905855203511397
1,5093,2025-02-06,-134.0447,-650.4250775859948,0,0.16905855203511397
1,5093,2025-02-07,303.91150000000005,-403.6078362306284,0,0.15291244261658155
1,5093,2025-02-10,-23.5504,-456.86529933242355,0,0.15291244261658155
1,5093,2025-02-11,-183.1827,-298.34058858191094,1,0.06607390073481029
1,5093,2025-02-12,-181.7292,-306.99831762341057,1,0.06607390073481029
1,5093,2025-02-13,0.0,-526.1777443444442,0,0.07139565131572144
1,5093,2025-02-14,0.0,-306.99831762341057,0,0.06607390073481029
1,5093,2025-02-17,-170.5881,-306.99831762341057,1,0.06607390073481029
1,5093,2025-02-18,0.0,-735.3121345192546,0,0.15291244261658155
1,5093,2025-02-19,745.6945,-306.99831762341057,0,0.06607390073481029
1,5093,2025-02-20,468.3333,-851.7002535275451,0,0.15291244261658155
1,5093,2025-02-21,-85.55879999999999,-917.8371872430947,0,0.16905855203511397
1,5580,2025-01-24,777.8874000000003,-3245.473370970077,0,0.11716435086465754
1,5580,2025-01-27,1907.7411000000002,-4898.63400183053,0,0.14862343688759402
1,5580,2025-01-28,2641.8298,-4322.954490853588,0,0.15271342430493745
1,5580,2025-01-29,-2314.1221,-4444.0954695946975,0,0.15271342430493745
1,5580,2025-01-30,1057.5043,-4425.698015716697,0,0.0923052407042222
1,5580,2025-01-31,1978.8206150000003,-4467.843490314177,0,0.14244659894054615
1,5580,2025-02-03,1201.944716,-4692.958704014929,0,0.14862343688759402
1,5580,2025-02-04,2586.343799,-4252.953483973604,0,0.17485263798696332
1,5580,2025-02-05,-1846.119667,-5535.343544012395,0,0.11304123410691573
1,5580,2025-02-06,2913.820162,-4787.816530862909,0,0.12573167599066382
1,5580,2025-02-07,-1096.138152,-4682.790082282775,0,0.15901067522929013
1,5580,2025-02-10,-7290.58208,-5743.37889430938,1,0.11195906781770443
1,5580,2025-02-11,-4820.824587,-4821.227365190891,0,0.05771751233885727
1,5580,2025-02-12,-20.268921999999975,-5349.669334346798,0,0.15901067522929013
1,5580,2025-02-13,8142.422617,-5348.322078548018,0,0.15901067522929013
1,5580,2025-02-14,0.0,-6406.917649473639,0,0.15187671355213098
1,5580,2025-02-17,2007.719496,-5522.409252887402,0,0.10613142460665781
1,5580,2025-02-18,-8167.96918,-7094.315712682653,1,0.15187671355213098
1,5580,2025-02-19,-8378.313929,-5415.137181599528,1,0.151316260830812
1,5580,2025-02-20,-3086.030759,-8119.129869173391,0,0.10613142460665781
1,5580,2025-02-21,5009.941911,-5847.614969302994,0,0.10613142460665781
2,3942,2025-02-24,1271.6282,-1673.5051679793692,0,0.04100421226096928
2,3942,2025-02-25,0.0,-2737.8849578200575,0,0.04100421226096928
2,3942,2025-02-26,0.0,-1878.0159094845665,0,0.05668671788213182
2,3942,2025-02-27,0.0,-1840.4771883591113,0,0.06363533224762907
2,3942,2025-02-28,0.0,-1802.2046051161792,0,0.06363533224762907
2,3942,2025-03-03,0.0,-1774.3506330560085,0,0.06363533224762907
2,3942,2025-03-04,0.0,-1774.3506330560085,0,0.06363533224762907
2,3942,2025-03-05,-1800.942918,-1903.0848749482375,0,0.06363533224762907
2,3942,2025-03-06,1490.346449,-1850.7923126632697,0,0.06363533224762907
2,3942,2025-03-07,-3761.383177,-3002.335957832561,1,0.07765122694495873
2,3942,2025-03-10,-162.93750599999998,-2910.3279100286763,0,0.052996637772048855
2,3942,2025-03-11,1014.43265,-2805.8350601432608,0,0.04612447278813405
2,3942,2025-03-12,1922.46314,-2095.0408614132552,0,0.04612447278813405
2,3942,2025-03-13,-1816.637887,-3155.842037123771,0,0.052996637772048855
2,3942,2025-03-14,-1.5918500000000222,-4340.243120787835,0,0.1351314823043593
2,3942,2025-03-17,-3317.183565,-4337.772459417525,1,0.11399507463046729
2,3942,2025-03-18,-539.896866,-3509.234046835015,0,0.11399507463046729
2,3942,2025-03-19,-3269.6393749999997,-4292.455728709261,1,0.07132297813205744
2,3942,2025-03-20,504.805163,-2620.546898547499,0,0.09669601422199126
2,3942,2025-03-21,0.0,-3882.8247978430422,0,0.12007663809900022
2,3942,2025-03-24,0.0,-3074.6942454169985,0,0.09669601422199126
2,3943,2025-02-24,-2450.4311900000002,-6656.145992774338,0,0.06780656575279286
2,3943,2025-02-25,-11376.81825,-7381.996035098152,0,0.06780656575279286
2,3943,2025-02-26,-881.56,-6839.883230779358,0,0.06780656575279286
2,3943,2025-02-27,-102.4176,-6362.809753117573,0,0.06780656575279286
2,3943,2025-02-28,-1505.864679,-6282.317600918674,0,0.09120202536014223
2,3943,2025-03-03,351.283216,-6299.996319590809,0,0.13264334754903562
2,3943,2025-03-04,-946.6081,-5784.289218237906,0,0.09978444571076794
2,3943,2025-03-05,823.2299280000001,-6220.051631698855,0,0.09978444571076794
2,3943,2025-03-06,-43.3828,-5710.813816045157,0,0.06780656575279286
2,3943,2025-03-07,342.27520000000004,-5798.350920290077,0,0.06780656575279286
2,3943,2025-03-10,-1650.6209000000001,-3635.242268302341,0,0.04099235170627182
2,3943,2025-03-11,0.0,-3787.798968921317,0,0.040968124603409574
2,3943,2025-03-12,790.04861,-3278.5078099118728,0,0.04099235170627182
2,3943,2025-03-13,0.0,-3703.274324252376,0,0.04099235170627182
2,3943,2025-03-14,0.0,-3410.615108819943,0,0.04099235170627182
2,3943,2025-03-17,26.578799,-3170.8181886372004,0,0.04099235170627182
2,3943,2025-03-18,-231.2961,-3876.1837564311236,0,0.04099235170627182
2,3943,2025-03-19,-123.1945,-3197.211732406507,0,0.04099235170627182
2,3943,2025-03-20,634.0334,-3165.873273485451,0,0.04099235170627182
2,3943,2025-03-21,-42.34581,-6144.318540567812,0,0.04099235170627182
2,3943,2025-03-24,2500.78236,-3671.5233899097775,0,0.0611541166381489
2,3946,2025-02-24,3195.330763,-5107.793838583836,0,0.09131867478922609
2,3946,2025-02-25,1340.536024,-6078.430393501341,0,0.14263629269352412
2,3946,2025-02-26,4255.270822,-5779.146729825927,0,0.14263629269352412
2,3946,2025-02-27,-3996.700319,-5988.126214630677,1,0.09669601422199126
2,3946,2025-02-28,4286.183590000001,-6007.111340062106,0,0.09669601422199126
2,3946,2025-03-03,2665.2911740000004,-5619.367910538121,0,0.14263629269352412
2,3946,2025-03-04,-796.6967010000001,-6754.645610661416,0,0.14263629269352412
2,3946,2025-03-05,-4506.131007,-6917.575539783801,1,0.14263629269352412
2,3946,2025-03-06,-1369.839437,-6746.945516827296,0,0.14483182707226727
2,3946,2025-03-07,-2185.47578,-5540.213910464485,0,0.12007663809900022
2,3946,2025-03-10,-3561.073054,-5154.511106878213,0,0.12007663809900022
2,3946,2025-03-11,-324.1491,-5642.026930002509,0,0.12007663809900022
2,3946,2025-03-12,-3857.248714,-4682.273965019122,0,0.09131867478922609
2,3946,2025-03-13,-419.0017,-5283.0002616319,0,0.12007663809900022
2,3946,2025-03-14,40.70879,-2861.4695287839004,0,0.09669601422199126
2,3946,2025-03-17,-2769.944565,-3835.9533023828703,0,0.09669601422199126
2,3946,2025-03-18,-933.937312,-3742.363601859279,0,0.09669601422199126
2,3946,2025-03-19,-248.20639998,-2855.277394405329,0,0.09669601422199126
2,3946,2025-03-20,1557.4730999999997,-2894.623445717522,0,0.09669601422199126
2,3946,2025-03-21,-251.8706,-4968.5615613057535,0,0.06956116909750877
2,3946,2025-03-24,-1285.223,-3337.658623644936,0,0.09669601422199126
2,3950,2025-02-24,16157.850205,-25872.82921248595,0,0.0611541166381489
2,3950,2025-02-25,-19588.700908,-25068.208938062806,0,0.09828439963695618
2,3950,2025-02-26,14190.049642000002,-23872.412756145826,0,0.14263629269352412
2,3950,2025-02-27,3884.823275,-24659.153558052407,0,0.14263629269352412
2,3950,2025-02-28,-3928.0511969999993,-24099.398522256422,0,0.14263629269352412
2,3950,2025-03-03,-6819.4959340000005,-24863.129571790563,0,0.14263629269352412
2,3950,2025-03-04,19834.024294000003,-24556.530651518355,0,0.14263629269352412
2,3950,2025-03-05,10408.463881000001,-27056.540831797633,0,0.14263629269352412
2,3950,2025-03-06,-31556.978892,-26766.036727934996,1,0.14263629269352412
2,3950,2025-03-07,802.3017330000002,-27642.270998897806,0,0.14263629269352412
2,3950,2025-03-10,-1459.1450989999994,-23223.7043766112,0,0.14263629269352412
2,3950,2025-03-11,-720.5535980000004,-23823.346825191875,0,0.14263629269352412
2,3950,2025-03-12,-3031.9790269999985,-23397.586388475902,0,0.14263629269352412
2,3950,2025-03-13,11487.318899000002,-23691.644043168857,0,0.14263629269352412
2,3950,2025-03-14,-9361.700673,-32382.669128178568,0,0.14263629269352412
2,3950,2025-03-17,-19387.760781,-21680.841706569216,0,0.14263629269352412
2,3950,2025-03-18,332.3344440000001,-23552.30119620539,0,0.14263629269352412
2,3950,2025-03-19,-18657.429456,-16387.944394880888,0,0.14263629269352412
2,3950,2025-03-20,12884.609079,-15440.861544911646,0,0.14263629269352412
2,3950,2025-03-21,826.3575059999998,-18865.821573611873,0,0.14263629269352412
2,3950,2025-03-24,6411.460981,-15368.647000842653,0,0.14263629269352412
2,3951,2025-02-24,-4436.7082009999995,-5891.80490665134,0,0.12007663809900022
2,3951,2025-02-25,-4847.695249,-5613.886524783247,0,0.12007663809900022
2,3951,2025-02-26,15.532594999999727,-5432.501840723367,0,0.12007663809900022
2,3951,2025-02-27,8955.87751,-5300.029547542534,0,0.12007663809900022
2,3951,2025-02-28,5050.561563,-6576.037740547157,0,0.12007663809900022
2,3951,2025-03-03,4370.687819000001,-8285.072760768684,0,0.12007663809900022
2,3951,2025-03-04,-9069.070868,-8269.839047146972,1,0.12007663809900022
2,3951,2025-03-05,-5401.298525,-7518.073834537027,0,0.12007663809900022
2,3951,2025-03-06,10844.44636,-6088.322932701395,0,0.12007663809900022
2,3951,2025-03-07,8115.086923000001,-8863.345662147396,0,0.12007663809900022
2,3951,2025-03-10,5295.076623000001,-8844.5136573239,0,0.12007663809900022
2,3951,2025-03-11,-4830.89344,-9811.943968281974,0,0.12007663809900022
2,3951,2025-03-12,-5460.0571,-9180.96545863671,0,0.14483182707226727
2,3951,2025-03-13,1310.587536,-7329.843805881848,0,0.09131867478922609
2,3951,2025-03-14,575.110314,-7578.9986269732035,0,0.12007663809900022
2,3951,2025-03-17,484.35614600000036,-8105.815689027043,0,0.12007663809900022
2,3951,2025-03-18,6266.07528,-6162.444698291064,0,0.12007663809900022
2,3951,2025-03-19,-3831.8628499999995,-5877.180022462969,0,0.12007663809900022
2,3951,2025-03-20,-369.71878000000004,-7424.661307052232,0,0.12007663809900022
2,3951,2025-03-21,-4052.607916,-6855.708245485917,0,0.12007663809900022
2,3951,2025-03-24,-2113.24232,-7214.640381196,0,0.12007663809900022
2,3956,2025-02-24,-3130.318351,-5816.717319999008,0,0.09978444571076794
2,3956,2025-02-25,-920.2930000000001,-5721.608380361261,0,0.08701272966651344
2,3956,2025-02-26,18388.2361,-5470.658239507203,0,0.09978444571076794
2,3956,2025-02-27,0.0,-7195.616585966983,0,0.07185186297974126
2,3956,2025-02-28,0.0,-12130.86914106486,0,0.07185186297974126
2,3956,2025-03-03,0.0,-10486.30431961142,0,0.07185186297974126
2,3956,2025-03-04,-591.071,-8483.48710904362,0,0.07185186297974126
2,3956,2025-03-05,0.0,-6379.7533185473385,0,0.07185186297974126
2,3956,2025-03-06,0.0,-6234.888415646263,0,0.07185186297974126
2,3956,2025-03-07,0.0,-6123.693286773237,0,0.07185186297974126
2,3956,2025-03-10,3949.228086,-6306.4339668468165,0,0.07185186297974126
2,3956,2025-03-11,0.0,-4385.339922064472,0,0.06956116909750877
2,3956,2025-03-12,0.0,-5680.810739516342,0,0.06956116909750877
2,3956,2025-03-13,0.0,-5663.763958282852,0,0.06956116909750877
2,3956,2025-03-14,1027.41323,-5663.763958282852,0,0.06956116909750877
2,3956,2025-03-17,0.0,-4554.476046715791,0,0.06956116909750877
2,3956,2025-03-18,0.0,-4411.5122763564705,0,0.06956116909750877
2,3956,2025-03-19,-2333.163134,-4405.396894065494,0,0.06956116909750877
2,3956,2025-03-20,0.0,-4706.388451123386,0,0.06956116909750877
2,3956,2025-03-21,0.0,-3138.7343999083614,0,0.06956116909750877
2,3956,2025-03-24,-2451.315,-2691.133170133883,0,0.06956116909750877
2,4003,2025-02-24,0.0,-2849.332130572515,0,0.09669601422199126
2,4003,2025-02-25,0.0,-2285.3837810811065,0,0.09669601422199126
2,4003,2025-02-26,1634.396145,-2311.21974395317,0,0.08260447763801308
2,4003,2025-02-27,2213.8514999999998,-2855.054491554177,0,0.10558215078751952
2,4003,2025-02-28,3006.095385,-3713.7553948561804,0,0.10558215078751952
2,4003,2025-03-03,-180.3947,-4850.730807141312,0,0.09669601422199126
2,4003,2025-03-04,0.0,-3399.895161438099,0,0.09669601422199126
2,4003,2025-03-05,-127.0893,-2851.290565814271,0,0.09669601422199126
2,4003,2025-03-06,-378.674177,-2888.0602510674107,0,0.0656357189676094
2,4003,2025-03-07,-123.08220000000001,-3209.286810993952,0,0.046084095357202766
2,4003,2025-03-10,-86.0156,-2965.33178660019,0,0.046111202400147225
2,4003,2025-03-11,-7.1670110000000165,-3180.5222961501895,0,0.046111202400147225
2,4003,2025-03-12,268.29882999999995,-2753.6619498994537,0,0.046084095357202766
2,4003,2025-03-13,395.47200000000004,-2602.304725403554,0,0.046111202400147225
2,4003,2025-03-14,0.0,-2476.70834197667,0,0.046111202400147225
2,4003,2025-03-17,-530.4730999999999,-1873.5357074218475,0,0.046111202400147225
2,4003,2025-03-18,-237.405,-2236.99366706758,0,0.046111202400147225
2,4003,2025-03-19,-73.80301299999996,-2763.1448413388375,0,0.046111202400147225
2,4003,2025-03-20,-1998.846321,-3053.384820509155,0,0.046084095357202766
2,4003,2025-03-21,28.0594,-5761.193843927524,0,0.046084095357202766
2,4003,2025-03-24,365.362,-2648.9801769615456,0,0.052996637772048855
2,4004,2025-02-24,-27588.270176,-30949.9586939482,0,0.09131867478922609
2,4004,2025-02-25,11178.913912,-40136.676054068805,0,0.12007663809900022
2,4004,2025-02-26,49249.559899,-27210.867606929784,0,0.12007663809900022
2,4004,2025-02-27,4886.665271,-33246.67434599578,0,0.12007663809900022
2,4004,2025-02-28,20446.800267000002,-44897.72012625564,0,0.12007663809900022
2,4004,2025-03-03,51353.45728,-39026.22188289375,0,0.12007663809900022
2,4004,2025-03-04,-7071.356840999999,-33842.15344538281,0,0.12007663809900022
2,4004,2025-03-05,-16218.161820000001,-46835.3528228918,0,0.14483182707226727
2,4004,2025-03-06,33268.405073,-37036.59870055647,0,0.12007663809900022
2,4004,2025-03-07,-79717.933425,-30089.366308146888,1,0.12007663809900022
2,4004,2025-03-10,7047.7856440000005,-32365.553687431795,0,0.12007663809900022
2,4004,2025-03-11,-19610.205834,-23948.8454321206,0,0.12007663809900022
2,4004,2025-03-12,73555.81278200001,-23962.003835150503,0,0.12007663809900022
2,4004,2025-03-13,27301.073512,-37479.54717619738,0,0.12007663809900022
2,4004,2025-03-14,50476.182271,-36852.591424811515,0,0.12007663809900022
2,4004,2025-03-17,-60216.520063,-37611.45115253036,1,0.12007663809900022
2,4004,2025-03-18,-15773.940585,-45447.94979211288,0,0.12007663809900022
2,4004,2025-03-19,-50202.608907,-49627.27332884496,1,0.12007663809900022
2,4004,2025-03-20,5949.546505,-44182.713982513604,0,0.12007663809900022
2,4004,2025-03-21,0.0,-35091.23076407239,0,0.12007663809900022
2,4004,2025-03-24,3360.661715,-42169.24469569949,0,0.09131867478922609
2,4396,2025-02-24,-7087.044799,-9296.62942444106,1,0.12007663809900022
2,4396,2025-02-25,-4625.392425999999,-6146.5107937316825,0,0.09131867478922609
2,4396,2025-02-26,351.30754199999956,-7659.512723834489,0,0.12007663809900022
2,4396,2025-02-27,2853.5235619999994,-6368.431493142166,0,0.12007663809900022
2,4396,2025-02-28,4513.8791619,-8244.77937705174,0,0.14483182707226727
2,4396,2025-03-03,-7991.752208,-8641.039335508452,1,0.12007663809900022
2,4396,2025-03-04,-2580.90931,-8692.653362299863,0,0.12007663809900022
2,4396,2025-03-05,18407.547668,-6975.47549729502,0,0.09131867478922609
2,4396,2025-03-06,2317.5562,-10612.47969364362,0,0.12007663809900022
2,4396,2025-03-07,10903.692770000001,-9988.53095321114,0,0.09131867478922609
2,4396,2025-03-10,-8909.336282,-13103.01552327157,1,0.14483182707226727
2,4396,2025-03-11,8550.989283,-10857.534563243229,0,0.12007663809900022
2,4396,2025-03-12,-3819.654145,-7528.571780604724,0,0.09131867478922609
2,4396,2025-03-13,136.5249,-7095.625669870714,0,0.12007663809900022
2,4396,2025-03-14,1026.5230840000004,-6055.3984941600565,0,0.09131867478922609
2,4396,2025-03-17,151.95095390000012,-6425.126188372614,0,0.12007663809900022
2,4396,2025-03-18,3198.234058,-8431.04555690691,0,0.12007663809900022
2,4396,2025-03-19,-2717.518431,-8986.631156794858,0,0.12007663809900022
2,4396,2025-03-20,-2962.390314,-6170.520853142812,0,0.09131867478922609
2,4396,2025-03-21,-4265.658954,-11248.616127341355,0,0.14483182707226727
2,4396,2025-03-24,0.0,-8619.300835035856,0,0.12007663809900022
2,5093,2025-02-24,286.0179,-988.0426985233281,0,0.08425850742115519
2,5093,2025-02-25,-169.49059999999997,-949.9056658936698,1,0.08425850742115519
2,5093,2025-02-26,30.847800000000007,-985.1661309114978,0,0.08425850742115519
2,5093,2025-02-27,0.0,-825.0225994245068,0,0.08425850742115519
2,5093,2025-02-28,-119.0777,-835.4247155399783,0,0.08425850742115519
2,5093,2025-03-03,0.0,-843.816216545824,0,0.08425850742115519
2,5093,2025-03-04,-27.064899999999994,-595.8751594279619,0,0.13215254579388247
2,5093,2025-03-05,-5.113700000000009,-1068.2256034988366,0,0.08425850742115519
2,5093,2025-03-06,-269.078,-596.8927677378151,1,0.13215254579388247
2,5093,2025-03-07,-135.418,-1106.309620167444,0,0.13215254579388247
2,5093,2025-03-10,0.0,-746.6553804447499,0,0.06363533224762907
2,5093,2025-03-11,-155.86149999999998,-664.9986536931319,1,0.06363533224762907
2,5093,2025-03-12,-231.59519999999998,-1051.9911153727637,1,0.13215254579388247
2,5093,2025-03-13,0.0,-345.8140745963169,0,0.06363533224762907
2,5093,2025-03-14,0.0,-461.7500055529805,0,0.06363533224762907
2,5093,2025-03-17,0.0,-643.0389714663871,0,0.13215254579388247
2,5093,2025-03-18,0.0,-627.1112915895699,0,0.13215254579388247
2,5093,2025-03-19,90.37660000000002,-627.1112915895699,0,0.13215254579388247
2,5093,2025-03-20,253.183,-771.6848231415375,0,0.13215254579388247
2,5093,2025-03-21,-67.8486,-1302.275515302091,0,0.13215254579388247
2,5093,2025-03-24,-118.18910000000001,-416.3209376786713,0,0.06363533224762907
2,5580,2025-02-24,-1193.770187,-7318.704663754945,0,0.12007663809900022
2,5580,2025-02-25,2605.1576669999995,-7185.7851116397,0,0.09131867478922609
2,5580,2025-02-26,4254.055138,-6302.746975402276,0,0.14483182707226727
2,5580,2025-02-27,-2856.436213,-6892.702932743727,0,0.14483182707226727
2,5580,2025-02-28,-4007.0690600000003,-6608.184594392177,0,0.12007663809900022
2,5580,2025-03-03,3432.41636,-5303.482141740663,0,0.12007663809900022
2,5580,2025-03-04,133.20938999999976,-6519.18164694876,0,0.12007663809900022
2,5580,2025-03-05,4021.7380009999997,-7028.391199765467,0,0.12007663809900022
2,5580,2025-03-06,-5150.474066,-8755.043049862414,1,0.12007663809900022
2,5580,2025-03-07,-1546.741473,-7906.944106889259,0,0.14483182707226727
2,5580,2025-03-10,-4830.363168,-6334.505791814975,1,0.12007663809900022
2,5580,2025-03-11,1051.153524,-5524.298869411952,0,0.07132297813205744
2,5580,2025-03-12,4256.514679,-4544.267186836498,0,0.07132297813205744
2,5580,2025-03-13,-835.5997239999999,-5781.03745508122,0,0.09131867478922609
2,5580,2025-03-14,3103.3240239999996,-5994.418475609317,0,0.09131867478922609
2,5580,2025-03-17,-435.919164,-5633.234116222716,0,0.09131867478922609
2,5580,2025-03-18,6.001730999999836,-6839.658065518966,0,0.12007663809900022
2,5580,2025-03-19,1233.7581559999999,-6046.125317701948,0,0.09131867478922609
2,5580,2025-03-20,-393.3917959999999,-6177.992611395789,0,0.09131867478922609
2,5580,2025-03-21,3702.97659,-4422.917840792934,0,0.06956116909750877
2,5580,2025-03-24,0.0,-4254.0561875818585,0,0.09669601422199126
3,3942,2025-03-25,0.0,-3175.394670804804,0,0.06655684820805387
3,3942,2025-03-26,1003.5627630000001,-3175.394670804804,0,0.06655684820805387
3,3942,2025-03-27,0.0,-2734.6868357260505,0,0.06655684820805387
3,3942,2025-03-28,1312.464179,-2734.53205216006,0,0.06655684820805387
3,3942,2025-03-31,1860.039876,-3444.8342232090267,0,0.06655684820805387
3,3942,2025-04-01,1012.663176,-2450.9670968798673,0,0.06655684820805387
3,3942,2025-04-02,1947.733578,-2632.114815352206,0,0.06655684820805387
3,3942,2025-04-03,4782.321659,-3328.5706779314346,0,0.06655684820805387
3,3942,2025-04-04,-4111.224560000001,-3613.1453543845305,1,0.09634960086777263
3,3942,2025-04-07,-1419.35602102,-4808.162298667447,0,0.09634960086777263
3,3942,2025-04-08,-2843.865647,-5645.313319446963,0,0.08059856590287015
3,3942,2025-04-09,0.0,-5054.929753540818,0,0.09246881823648828
3,3942,2025-04-10,-1178.555065,-4584.562290042904,0,0.08059856590287015
3,3942,2025-04-11,33.92986899999997,-4674.438551742418,0,0.04797281752210523
3,3942,2025-04-14,-578.6174,-4556.485945148395,0,0.04797281752210523
3,3942,2025-04-15,-77.04940900000003,-4721.268682102849,0,0.04797281752210523
3,3942,2025-04-16,-112.07950900000014,-2943.835558090801,0,0.06655684820805387
3,3942,2025-04-17,0.0,-2315.2166454851235,0,0.06655684820805387
3,3942,2025-04-18,-1014.034486,-1773.717761678253,0,0.06655684820805387
3,3942,2025-04-21,1142.5035,-1975.4858931921206,0,0.06655684820805387
3,3942,2025-04-22,86.75890999999989,-2628.446148094064,0,0.06655684820805387
3,3943,2025-03-25,0.0,-3791.1901801211934,0,0.0446354081803444
3,3943,2025-03-26,1047.7707,-3712.964706204469,0,0.0446354081803444
3,3943,2025-03-27,0.0,-4052.2836288465132,0,0.06655684820805387
3,3943,2025-03-28,-4565.804927,-2886.540762989153,0,0.0446354081803444
3,3943,2025-03-31,-48.81090999999998,-3218.064744734435,0,0.0446354081803444
3,3943,2025-04-01,675.96486,-5053.83795140277,0,0.04797281752210523
3,3943,2025-04-02,-8696.268934,-6574.922790177432,0,0.04797281752210523
3,3943,2025-04-03,-18155.076430999998,-6407.540540563466,1,0.04797281752210523
3,3943,2025-04-04,872.95809,-5780.9873827919955,0,0.08853119145579248
3,3943,2025-04-07,-4295.618445,-8386.009293738914,0,0.08059856590287015
3,3943,2025-04-08,0.0,-8039.171965360766,0,0.04797281752210523
3,3943,2025-04-09,0.0,-7166.34130295903,0,0.04797281752210523
3,3943,2025-04-10,0.0,-6951.744824522286,0,0.04797281752210523
3,3943,2025-04-11,0.0,-7009.608395053132,0,0.04797281752210523
3,3943,2025-04-14,0.0,-7358.912341859918,0,0.04797281752210523
3,3943,2025-04-15,0.0,-7768.961400831344,0,0.04797281752210523
3,3943,2025-04-16,0.0,-4645.861876691153,0,0.0446354081803444
3,3943,2025-04-17,0.0,-4717.478198293638,0,0.0446354081803444
3,3943,2025-04-18,0.0,-3261.4863536928606,0,0.0446354081803444
3,3943,2025-04-21,0.0,-3361.6172193457096,0,0.0446354081803444
3,3943,2025-04-22,0.0,-3080.69541267246,0,0.0446354081803444
3,3946,2025-03-25,1885.2412,-2838.8963184645704,0,0.06655684820805387
3,3946,2025-03-26,-773.6370099999999,-3263.2223196408304,0,0.06655684820805387
3,3946,2025-03-27,194.541,-3667.560324737905,0,0.06655684820805387
3,3946,2025-03-28,-1732.5089999999998,-2251.0349820549186,0,0.06655684820805387
3,3946,2025-03-31,678.4411000000001,-3023.5346935099856,0,0.0446354081803444
3,3946,2025-04-01,-2652.2336999999998,-2582.0774349529347,0,0.06655684820805387
3,3946,2025-04-02,-197.893804,-2269.683824928983,0,0.0446354081803444
3,3946,2025-04-03,-746.66082,-2619.396119251308,0,0.0446354081803444
3,3946,2025-04-04,-387.88399999999996,-2205.0454566118774,0,0.0446354081803444
3,3946,2025-04-07,-489.73506,-1918.529502844269,0,0.0446354081803444
3,3946,2025-04-08,-1614.551522,-2060.6064640645495,0,0.0446354081803444
3,3946,2025-04-09,-385.4587,-2161.574551515811,0,0.0446354081803444
3,3946,2025-04-10,-217.67585,-1748.1327228597638,0,0.0446354081803444
3,3946,2025-04-11,329.5575999999999,-1466.1650846789637,0,0.0446354081803444
3,3946,2025-04-14,-484.9865,-1617.0781180323147,0,0.0446354081803444
3,3946,2025-04-15,876.6177,-1342.7150051996134,0,0.0446354081803444
3,3946,2025-04-16,15.733398999999963,-1585.0740900863627,0,0.0446354081803444
3,3946,2025-04-17,0.0,-2141.570797272531,0,0.0446354081803444
3,3946,2025-04-18,-1040.6108,-1657.2278668348888,0,0.0446354081803444
3,3946,2025-04-21,973.108177,-1626.1406297902533,0,0.0446354081803444
3,3946,2025-04-22,-902.305964,-1823.8683758250677,0,0.0446354081803444
3,3950,2025-03-25,-6719.033449,-17695.051832846213,0,0.09246881823648828
3,3950,2025-03-26,-573.9499340000011,-17524.388207408112,0,0.09246881823648828
3,3950,2025-03-27,10207.93985,-19230.389852954773,0,0.09246881823648828
3,3950,2025-03-28,8815.791559000001,-14547.154754220945,0,0.09246881823648828
3,3950,2025-03-31,3690.897606999999,-19129.30980222845,0,0.09246881823648828
3,3950,2025-04-01,-42575.36415,-14353.997867214059,1,0.09246881823648828
3,3950,2025-04-02,803.585,-17236.603852859018,0,0.09246881823648828
3,3950,2025-04-03,1565.28898,-15407.209266572729,0,0.09246881823648828
3,3950,2025-04-04,-8529.5373156,-15829.031178939082,0,0.09246881823648828
3,3950,2025-04-07,-1244.3877830000001,-20528.37307110381,0,0.0446354081803444
3,3950,2025-04-08,1554.904629,-16964.293107253943,0,0.09246881823648828
3,3950,2025-04-09,675.16856,-15823.412364856602,0,0.09246881823648828
3,3950,2025-04-10,772.5536259999999,-15635.630822465277,0,0.09246881823648828
3,3950,2025-04-11,6668.389338000002,-14558.93699076729,0,0.09246881823648828
3,3950,2025-04-14,-10220.276724,-10788.837709184641,0,0.09246881823648828
3,3950,2025-04-15,-1155.3905340000001,-10048.93683402785,0,0.09246881823648828
3,3950,2025-04-16,15554.050817000001,-11697.533213367775,0,0.09246881823648828
3,3950,2025-04-17,0.0,-14433.221610497414,0,0.1048072415667184
3,3950,2025-04-18,292.3767,-16640.264452224124,0,0.08059856590287015
3,3950,2025-04-21,1122.6971419999998,-10062.258655166142,0,0.09246881823648828
3,3950,2025-04-22,-2745.111211,-13096.205506071312,0,0.09246881823648828
3,3951,2025-03-25,0.0,-6433.5794482868105,0,0.08059856590287015
3,3951,2025-03-26,0.0,-4957.1537530055,0,0.08059856590287015
3,3951,2025-03-27,1268.5930199999998,-4957.1537530055,0,0.08059856590287015
3,3951,2025-03-28,857.6013,-5791.161835076338,0,0.09246881823648828
3,3951,2025-03-31,5069.287,-4201.521090638642,0,0.08059856590287015
3,3951,2025-04-01,2942.9014829999996,-4166.815613132872,0,0.06655684820805387
3,3951,2025-04-02,-7522.166806,-6375.4738160649695,1,0.09246881823648828
3,3951,2025-04-03,35.751884,-6385.045995910703,0,0.09246881823648828
3,3951,2025-04-04,2905.768774,-5347.839571482177,0,0.08059856590287015
3,3951,2025-04-07,-6739.235419999999,-8072.812857686461,1,0.1048072415667184
3,3951,2025-04-08,-7831.3330750000005,-5931.03534220612,1,0.1048072415667184
3,3951,2025-04-09,-4381.58758,-4909.984811552149,0,0.09246881823648828
3,3951,2025-04-10,0.0,-5586.360959966258,0,0.09246881823648828
3,3951,2025-04-11,0.0,-5097.4748957802485,0,0.0446354081803444
3,3951,2025-04-14,0.0,-5667.09840209762,0,0.0446354081803444
3,3951,2025-04-15,0.0,-5741.955856306714,0,0.04797281752210523
3,3951,2025-04-16,0.0,-5243.11179401,0,0.04797281752210523
3,3951,2025-04-17,0.0,-5171.761823648282,0,0.04797281752210523
3,3951,2025-04-18,4030.6137,-4845.435437719787,0,0.04797281752210523
3,3951,2025-04-21,40.462600000000066,-3082.4226652865223,0,0.0446354081803444
3,3951,2025-04-22,-1147.7811380000003,-3892.658675966769,0,0.0446354081803444
3,3956,2025-03-25,2040.7407150000001,-3706.568144550919,0,0.0446354081803444
3,3956,2025-03-26,0.0,-6074.079067852971,0,0.0446354081803444
3,3956,2025-03-27,-1300.7755,-4852.874161509022,0,0.0446354081803444
3,3956,2025-03-28,5021.9068,-3966.19905866998,0,0.0446354081803444
3,3956,2025-03-31,12261.4759,-3208.712964532364,0,0.0446354081803444
3,3956,2025-04-01,0.0,-8834.795548883256,0,0.09246881823648828
3,3956,2025-04-02,3136.34709,-9153.862715593106,0,0.08059856590287015
3,3956,2025-04-03,3311.955719,-6487.966809598967,0,0.04797281752210523
3,3956,2025-04-04,19522.078418999998,-7013.659154230189,0,0.09246881823648828
3,3956,2025-04-07,0.0,-9774.258493987587,0,0.09246881823648828
3,3956,2025-04-08,-3928.07505,-11599.678172449905,0,0.11192266413924697
3,3956,2025-04-09,0.0,-8372.669129829153,0,0.11192266413924697
3,3956,2025-04-10,0.0,-6806.185475985085,0,0.04797281752210523
3,3956,2025-04-11,-3043.617547,-6807.536557688592,0,0.04797281752210523
3,3956,2025-04-14,-1031.939941,-6502.812074980907,0,0.04797281752210523
3,3956,2025-04-15,-618.6264899999999,-6395.173454080398,0,0.09246881823648828
3,3956,2025-04-16,-4589.20771,-6382.438650675482,1,0.09246881823648828
3,3956,2025-04-17,0.0,-4008.5874839751077,0,0.0446354081803444
3,3956,2025-04-18,2232.00372,-4102.864741842674,0,0.0446354081803444
3,3956,2025-04-21,-125.55372499999976,-5034.173034751732,0,0.0446354081803444
3,3956,2025-04-22,1977.9962330000003,-7888.011881512805,0,0.09246881823648828
3,4003,2025-03-25,355.12960000000004,-2709.9290888869177,0,0.0446354081803444
3,4003,2025-03-26,-66.8636,-2630.558240126733,0,0.0446354081803444
3,4003,2025-03-27,-1018.423858,-2134.624975576015,0,0.0446354081803444
3,4003,2025-03-28,-4997.646108,-2124.711119259832,0,0.0446354081803444
3,4003,2025-03-31,0.0,-3052.613098764263,0,0.0446354081803444
3,4003,2025-04-01,-190.6279,-2877.8874800911385,0,0.0446354081803444
3,4003,2025-04-02,0.0,-2293.6320169186224,0,0.0446354081803444
3,4003,2025-04-03,-6216.05012,-2146.1326820740824,0,0.0446354081803444
3,4003,2025-04-04,-248.1372,-3504.388076913978,0,0.0446354081803444
3,4003,2025-04-07,0.0,-4535.464265065437,0,0.0446354081803444
3,4003,2025-04-08,0.0,-4658.7529414097735,0,0.0446354081803444
3,4003,2025-04-09,393.4427,-4830.218246063352,0,0.059869737490790886
3,4003,2025-04-10,-73.4142,-4774.753307374133,0,0.059869737490790886
3,4003,2025-04-11,-70.948003,-4677.404678995521,0,0.059869737490790886
3,4003,2025-04-14,0.0,-4771.995526452003,0,0.059869737490790886
3,4003,2025-04-15,0.0,-4418.590096673814,0,0.059869737490790886
3,4003,2025-04-16,0.0,-970.1357977155454,0,0.0446354081803444
3,4003,2025-04-17,0.0,-1089.9211831244936,0,0.0446354081803444
3,4003,2025-04-18,0.0,-1089.9211831244936,0,0.0446354081803444
3,4003,2025-04-21,1613.7567,-1089.9211831244936,0,0.0446354081803444
3,4003,2025-04-22,339.909286,-3187.9470632554767,0,0.0446354081803444
3,4004,2025-03-25,4406.152411,-28060.433486579364,0,0.09246881823648828
3,4004,2025-03-26,14389.353625,-25381.80207343442,0,0.09246881823648828
3,4004,2025-03-27,20668.717891,-24429.893205792585,0,0.1048072415667184
3,4004,2025-03-28,-16363.034637,-38180.064522539964,0,0.1048072415667184
3,4004,2025-03-31,35747.559892,-39006.949080532104,0,0.1048072415667184
3,4004,2025-04-01,32720.903051999998,-37324.845760191216,0,0.09246881823648828
3,4004,2025-04-02,6469.392583,-39004.27019495858,0,0.09246881823648828
3,4004,2025-04-03,0.0,-33897.42285266794,0,0.09246881823648828
3,4004,2025-04-04,14932.87759,-22182.483912499873,0,0.08059856590287015
3,4004,2025-04-07,0.0,-30833.062482699544,0,0.09246881823648828
3,4004,2025-04-08,-25283.89587,-23412.201045471655,0,0.08059856590287015
3,4004,2025-04-09,952.5563999999999,-20331.37816100212,0,0.09246881823648828
3,4004,2025-04-10,-4062.4229,-26738.929146052553,0,0.09246881823648828
3,4004,2025-04-11,-41087.117927,-12117.647028543965,0,0.08059856590287015
3,4004,2025-04-14,0.0,-17943.148359914914,0,0.09246881823648828
3,4004,2025-04-15,0.0,-20413.384552042073,0,0.08059856590287015
3,4004,2025-04-16,-38512.388289,-12542.178715283908,0,0.08059856590287015
3,4004,2025-04-17,0.0,-13914.765152077853,0,0.07947395339468677
3,4004,2025-04-18,-4212.6727869999995,-13983.354570897563,0,0.07947395339468677
3,4004,2025-04-21,76.62782700000025,-16293.807658324733,0,0.07947395339468677
3,4004,2025-04-22,-6350.2870490000005,-17277.63826875345,0,0.09246881823648828
3,4396,2025-03-25,9689.586811000001,-7183.692071672642,0,0.08059856590287015
3,4396,2025-03-26,-5460.6623,-10035.19770068326,0,0.09246881823648828
3,4396,2025-03-27,318.21159,-6214.23134330795,0,0.08059856590287015
3,4396,2025-03-28,168.68370000000013,-6026.021423008194,0,0.09246881823648828
3,4396,2025-03-31,-1822.9506810000003,-7034.077392407874,0,0.09246881823648828
3,4396,2025-04-01,3471.49078,-6769.163762122172,0,0.09246881823648828
3,4396,2025-04-02,9994.607288000001,-5908.582267821165,0,0.08059856590287015
3,4396,2025-04-03,4680.581826000001,-7383.96801594437,0,0.09246881823648828
3,4396,2025-04-04,4344.0091999999995,-8983.940068904982,0,0.1048072415667184
3,4396,2025-04-07,10441.854562,-7597.049201008972,0,0.09246881823648828
3,4396,2025-04-08,6545.3428,-7727.523193585459,0,0.09246881823648828
3,4396,2025-04-09,-4563.937332,-8756.834137746835,0,0.09246881823648828
3,4396,2025-04-10,3042.16163,-6644.916364588357,0,0.11192266413924697
3,4396,2025-04-11,-12287.05166,-7614.404661590571,1,0.09246881823648828
3,4396,2025-04-14,-2326.12273,-6888.57376107316,0,0.09246881823648828
3,4396,2025-04-15,7742.003584,-6516.115628008893,0,0.09246881823648828
3,4396,2025-04-16,19168.811261,-9444.307527093446,0,0.09246881823648828
3,4396,2025-04-17,0.0,-9662.456198220214,0,0.1048072415667184
3,4396,2025-04-18,-1428.7288900000003,-10387.478526526747,0,0.08059856590287015
3,4396,2025-04-21,-3405.4834249999994,-6853.697514197407,0,0.09246881823648828
3,4396,2025-04-22,12466.58509,-6538.974852830718,0,0.09246881823648828
3,5093,2025-03-25,-42.9333,-688.6839339197379,0,0.0446354081803444
3,5093,2025-03-26,-191.1332,-573.7439114308393,1,0.0446354081803444
3,5093,2025-03-27,-1.328,-573.7439114308393,0,0.0446354081803444
3,5093,2025-03-28,-218.36700000000002,-575.1917440320788,1,0.0446354081803444
3,5093,2025-03-31,0.0,-573.7439114308393,0,0.0446354081803444
3,5093,2025-04-01,0.0,-554.5012743946343,0,0.0446354081803444
3,5093,2025-04-02,287.70009999999996,-554.5012743946343,0,0.0446354081803444
3,5093,2025-04-03,-24.269699999999986,-968.2999201979158,0,0.0446354081803444
3,5093,2025-04-04,-121.40350000000001,-669.4412968835331,0,0.0446354081803444
3,5093,2025-04-07,-36.357499999999995,-669.4412968835331,0,0.0446354081803444
3,5093,2025-04-08,-15.232399979999997,-554.5012743946343,0,0.0446354081803444
3,5093,2025-04-09,104.72919999999999,-931.0273152494153,0,0.0446354081803444
3,5093,2025-04-10,-137.61849999999998,-660.1740056198785,1,0.0446354081803444
3,5093,2025-04-11,-49.7757,-688.6839339197379,0,0.0446354081803444
3,5093,2025-04-14,-109.766415,-554.5012743946343,0,0.0446354081803444
3,5093,2025-04-15,-1.0705,-555.9491069958738,0,0.0446354081803444
3,5093,2025-04-16,-184.83771,-555.9491069958738,1,0.0446354081803444
3,5093,2025-04-17,0.0,-554.5012743946343,0,0.09634960086777263
3,5093,2025-04-18,-22.7058,-554.5012743946343,0,0.09634960086777263
3,5093,2025-04-21,-12.232700000000001,-555.9491069958738,0,0.0446354081803444
3,5093,2025-04-22,195.2081,-554.5012743946343,0,0.0446354081803444
3,5580,2025-03-25,0.0,-3653.152042558758,0,0.0446354081803444
3,5580,2025-03-26,-1192.7982269999998,-3029.528984483544,0,0.0446354081803444
3,5580,2025-03-27,-953.940831,-4162.293926601547,0,0.0446354081803444
3,5580,2025-03-28,2079.362,-3054.9682634700803,0,0.0446354081803444
3,5580,2025-03-31,0.0,-3688.1464998465035,0,0.0446354081803444
3,5580,2025-04-01,-2907.7313580000005,-3636.663823261372,0,0.0446354081803444
3,5580,2025-04-02,1094.575724,-4298.162232515239,0,0.0446354081803444
3,5580,2025-04-03,13024.937187,-4804.755137870422,0,0.0446354081803444
3,5580,2025-04-04,5888.6631,-7134.987178235167,0,0.0446354081803444
3,5580,2025-04-07,2219.6813150000003,-7679.504354239569,0,0.09246881823648828
3,5580,2025-04-08,-3354.214259,-8469.814146167457,0,0.08059856590287015
3,5580,2025-04-09,-818.35835,-7824.7303384437155,0,0.09246881823648828
3,5580,2025-04-10,0.0,-6362.5213624959715,0,0.08059856590287015
3,5580,2025-04-11,2011.5475,-5885.393232523225,0,0.08059856590287015
3,5580,2025-04-14,0.0,-6415.177485582929,0,0.04797281752210523
3,5580,2025-04-15,-4371.3409,-6389.699585615068,0,0.07947395339468677
3,5580,2025-04-16,-3981.2778,-7797.196678621612,0,0.09246881823648828
3,5580,2025-04-17,0.0,-6925.5109518802365,0,0.08059856590287015
3,5580,2025-04-18,0.0,-6772.295435132228,0,0.08059856590287015
3,5580,2025-04-21,0.0,-6772.295435132228,0,0.04797281752210523
3,5580,2025-04-22,0.0,-6787.916045507967,0,0.04797281752210523
4,3942,2025-04-23,1124.559681,-3364.7530241887102,0,0.08897277864247341
4,3942,2025-04-24,1799.3469699999998,-3331.8272738120954,0,0.08897277864247341
4,3942,2025-04-25,-668.75061,-3349.3862095530144,0,0.08897277864247341
4,3942,2025-04-28,1116.43192,-3357.229727841303,0,0.08897277864247341
4,3942,2025-04-29,-1074.1351189999998,-3794.558771410359,0,0.08897277864247341
4,3942,2025-04-30,1031.540768,-4018.462413274721,0,0.08897277864247341
4,3942,2025-05-01,-1507.3671880000002,-3179.047706619123,0,0.08897277864247341
4,3942,2025-05-02,-1314.327955,-3292.713885420447,0,0.08897277864247341
4,3942,2025-05-05,3100.499031,-2859.5339643715356,0,0.08897277864247341
4,3942,2025-05-06,-2821.1741230000002,-2821.07689195639,0,0.08897277864247341
4,3942,2025-05-07,-239.96425799999994,-3651.2736413704642,0,0.06305113157865232
4,3942,2025-05-08,2061.613692,-3894.0680367938044,0,0.08745402824976786
4,3942,2025-05-09,-2135.02944,-3226.705281419141,0,0.04483015000909435
4,3942,2025-05-12,4245.4849189999995,-5710.722359700105,0,0.10126113016349707
4,3942,2025-05-13,-663.0814859999999,-5818.1559935799505,0,0.07085475449590396
4,3942,2025-05-14,5835.731317000001,-5642.390238973467,0,0.10126113016349707
4,3942,2025-05-15,3343.8555,-6292.180758785018,0,0.10126113016349707
4,3942,2025-05-16,-1372.22441,-6414.275137650529,0,0.10126113016349707
4,3942,2025-05-19,-2092.47269,-5957.024767562801,0,0.10126113016349707
4,3942,2025-05-20,785.928532,-6176.631659752102,0,0.10126113016349707
4,3942,2025-05-21,-1004.6863039999998,-5192.482259662396,0,0.04483015000909435
4,3943,2025-04-23,0.0,-3133.5086743089464,0,0.04483015000909435
4,3943,2025-04-24,0.0,-2463.6176457932715,0,0.04483015000909435
4,3943,2025-04-25,0.0,-2463.6176457932715,0,0.04483015000909435
4,3943,2025-04-28,0.0,-2463.6176457932715,0,0.04483015000909435
4,3943,2025-04-29,0.0,-2463.6176457932715,0,0.04483015000909435
4,3943,2025-04-30,0.0,-2524.0448332868273,0,0.04483015000909435
4,3943,2025-05-01,0.0,-2524.0448332868273,0,0.04483015000909435
4,3943,2025-05-02,0.0,-2524.0448332868273,0,0.04483015000909435
4,3943,2025-05-05,0.0,-2240.6548949141907,0,0.04483015000909435
4,3943,2025-05-06,0.0,-2172.8602149624335,0,0.04483015000909435
4,3943,2025-05-07,0.0,-1963.5801069735198,0,0.04483015000909435
4,3943,2025-05-08,0.0,-1477.1528145921964,0,0.04483015000909435
4,3943,2025-05-09,0.0,-1477.1528145921964,0,0.04483015000909435
4,3943,2025-05-12,0.0,-1441.2318984996673,0,0.04483015000909435
4,3943,2025-05-13,0.0,-1441.2318984996673,0,0.04483015000909435
4,3943,2025-05-14,0.0,-1441.2318984996673,0,0.04483015000909435
4,3943,2025-05-15,0.0,-1441.2318984996673,0,0.04483015000909435
4,3943,2025-05-16,0.0,-1440.8695974498967,0,0.04483015000909435
4,3943,2025-05-19,0.0,-1440.8695974498967,0,0.04483015000909435
4,3943,2025-05-20,0.0,-1440.8695974498967,0,0.04483015000909435
4,3943,2025-05-21,0.0,-1440.8695974498967,0,0.04483015000909435
4,3946,2025-04-23,-1178.594466,-2538.7501640100045,0,0.06305113157865232
4,3946,2025-04-24,220.19689999999997,-2090.591756745953,0,0.06305113157865232
4,3946,2025-04-25,0.0,-1984.877713843562,0,0.04483015000909435
4,3946,2025-04-28,0.0,-1482.4114128820845,0,0.04483015000909435
4,3946,2025-04-29,312.57580800000005,-1443.5297754700455,0,0.04483015000909435
4,3946,2025-04-30,753.259251,-2132.4618631568874,0,0.06305113157865232
4,3946,2025-05-01,574.463899,-2181.697091838975,0,0.04483015000909435
4,3946,2025-05-02,-922.478496,-2107.3043701091005,0,0.06305113157865232
4,3946,2025-05-05,2777.3732980000004,-2401.6107431279474,0,0.06305113157865232
4,3946,2025-05-06,2278.4484500000003,-2443.720096431152,0,0.04483015000909435
4,3946,2025-05-07,-2055.465401,-3029.4476738541375,0,0.04483015000909435
4,3946,2025-05-08,932.770775,-3164.3560847014296,0,0.06305113157865232
4,3946,2025-05-09,-1847.957575,-3025.494347662386,0,0.06305113157865232
4,3946,2025-05-12,1568.2240980000001,-2999.150977563908,0,0.04483015000909435
4,3946,2025-05-13,2474.772763,-3338.2897779473305,0,0.04483015000909435
4,3946,2025-05-14,2213.261706,-3609.2241113966074,0,0.04483015000909435
4,3946,2025-05-15,-697.8932309999998,-4035.5374726185164,0,0.08745402824976786
4,3946,2025-05-16,1020.9015,-3705.8053916363256,0,0.04483015000909435
4,3946,2025-05-19,290.7211860000001,-3019.2777167915133,0,0.04483015000909435
4,3946,2025-05-20,-863.5789,-2768.404517251104,0,0.04483015000909435
4,3946,2025-05-21,52.251937000000055,-2747.8345018404225,0,0.04483015000909435
4,3950,2025-04-23,4033.9333290000004,-11191.284440910307,0,0.08745402824976786
4,3950,2025-04-24,4728.383715,-12403.244014720085,0,0.10479892070970817
4,3950,2025-04-25,-2849.406322,-11982.07958867572,0,0.08745402824976786
4,3950,2025-04-28,-13322.608854,-14340.91725878499,0,0.08745402824976786
4,3950,2025-04-29,9244.549811,-11600.175902440375,0,0.10479892070970817
4,3950,2025-04-30,-9536.229674,-13416.579225221076,0,0.08745402824976786
4,3950,2025-05-01,-5468.948277,-11668.551660903184,0,0.10479892070970817
4,3950,2025-05-02,-13519.813898,-10684.066131972697,0,0.08745402824976786
4,3950,2025-05-05,-15313.21631,-11629.408084085246,0,0.08745402824976786
4,3950,2025-05-06,4607.834917,-14745.690915218202,0,0.08745402824976786
4,3950,2025-05-07,-10474.177398,-12734.742586384464,0,0.08745402824976786
4,3950,2025-05-08,-3392.197729,-13113.548866008183,0,0.08745402824976786
4,3950,2025-05-09,947.3521469999998,-13436.844704418816,0,0.08745402824976786
4,3950,2025-05-12,6202.101448999999,-10999.522559687102,0,0.08745402824976786
4,3950,2025-05-13,5218.9629,-13339.865999510263,0,0.08745402824976786
4,3950,2025-05-14,-15441.185342,-12986.609464882791,0,0.08745402824976786
4,3950,2025-05-15,4484.8377199999995,-14287.002937302417,0,0.10126113016349707
4,3950,2025-05-16,-1097.3167799999999,-13782.659650070485,0,0.10126113016349707
4,3950,2025-05-19,2960.1264300000007,-12284.16917707938,0,0.10126113016349707
4,3950,2025-05-20,12710.257783000001,-12289.278836320753,0,0.10126113016349707
4,3950,2025-05-21,22164.282853999997,-11532.921110502659,0,0.10126113016349707
4,3951,2025-04-23,32.36900000000003,-3758.382541097493,0,0.051331990439611674
4,3951,2025-04-24,0.0,-3339.5279468055764,0,0.051331990439611674
4,3951,2025-04-25,0.0,-2987.7113821161256,0,0.051331990439611674
4,3951,2025-04-28,-2502.147508,-2963.792792698672,0,0.04483015000909435
4,3951,2025-04-29,0.0,-3354.5217104343847,0,0.04483015000909435
4,3951,2025-04-30,0.0,-3424.0830316523334,0,0.051331990439611674
4,3951,2025-05-01,0.0,-1868.5029160085023,0,0.04483015000909435
4,3951,2025-05-02,0.0,-1825.118913194051,0,0.04483015000909435
4,3951,2025-05-05,1104.8597,-2030.3657942634957,0,0.04483015000909435
4,3951,2025-05-06,-2114.581001,-3091.7989220450127,0,0.04483015000909435
4,3951,2025-05-07,-1937.0216419999997,-3833.8945397032207,0,0.04483015000909435
4,3951,2025-05-08,-2046.978411,-3043.494712858554,0,0.08897277864247341
4,3951,2025-05-09,0.0,-3486.985289474724,0,0.04483015000909435
4,3951,2025-05-12,558.1659220000001,-2774.267654683962,0,0.04483015000909435
4,3951,2025-05-13,2221.8125,-2454.1021878433107,0,0.04483015000909435
4,3951,2025-05-14,2721.255875,-2946.2250357764638,0,0.04483015000909435
4,3951,2025-05-15,1320.593,-3502.839768989404,0,0.04483015000909435
4,3951,2025-05-16,-3062.0787,-3683.604349743751,0,0.07085475449590396
4,3951,2025-05-19,0.0,-4111.223429815608,0,0.06305113157865232
4,3951,2025-05-20,1818.7401000000002,-4928.59430006101,0,0.07085475449590396
4,3951,2025-05-21,-703.5957999999998,-2970.2544253117458,0,0.04483015000909435
4,3956,2025-04-23,4491.5498,-5995.375558099575,0,0.10479892070970817
4,3956,2025-04-24,8578.110259000001,-6117.731580959079,0,0.08802603050202625
4,3956,2025-04-25,0.0,-7429.892832641536,0,0.10479892070970817
4,3956,2025-04-28,-456.803406,-6752.890416841978,0,0.08802603050202625
4,3956,2025-04-29,-4720.7284199999995,-6576.460905628776,1,0.10479892070970817
4,3956,2025-04-30,-4043.511051,-6674.336602757342,0,0.10479892070970817
4,3956,2025-05-01,0.0,-5692.54301457323,0,0.04483015000909435
4,3956,2025-05-02,117.02507499999979,-5461.778871478178,0,0.07085475449590396
4,3956,2025-05-05,0.0,-6666.93490412159,0,0.10479892070970817
4,3956,2025-05-06,0.0,-5366.233188394751,0,0.07085475449590396
4,3956,2025-05-07,0.0,-4943.729116578687,0,0.07085475449590396
4,3956,2025-05-08,4315.9688,-4872.7424972051695,0,0.07085475449590396
4,3956,2025-05-09,0.0,-5849.2251924503225,0,0.07085475449590396
4,3956,2025-05-12,0.0,-5393.477123978155,0,0.07085475449590396
4,3956,2025-05-13,0.0,-3733.321797814387,0,0.04483015000909435
4,3956,2025-05-14,0.0,-3790.7934978898743,0,0.04483015000909435
4,3956,2025-05-15,0.0,-3672.49256315489,0,0.04483015000909435
4,3956,2025-05-16,0.0,-3663.9400629138604,0,0.04483015000909435
4,3956,2025-05-19,-3274.235732,-3663.9400629138604,0,0.04483015000909435
4,3956,2025-05-20,3378.2768,-4883.05019631072,0,0.04483015000909435
4,3956,2025-05-21,-6855.2427,-4038.0853966646796,1,0.08897277864247341
4,4003,2025-04-23,0.0,-2682.6730648466105,0,0.04483015000909435
4,4003,2025-04-24,155.4685,-2062.6072478373508,0,0.04483015000909435
4,4003,2025-04-25,0.0,-2041.7281928823934,0,0.04483015000909435
4,4003,2025-04-28,1158.296172,-2041.7281928823934,0,0.04483015000909435
4,4003,2025-04-29,839.9966,-2760.4497026952154,0,0.04483015000909435
4,4003,2025-04-30,-649.247836,-2734.0196427207634,0,0.04483015000909435
4,4003,2025-05-01,0.0,-3240.5801948194057,0,0.04483015000909435
4,4003,2025-05-02,0.0,-2097.3712759526848,0,0.04483015000909435
4,4003,2025-05-05,0.0,-1845.0512822164721,0,0.04483015000909435
4,4003,2025-05-06,0.0,-1848.1230277907198,0,0.04483015000909435
4,4003,2025-05-07,305.1023,-1764.120984811635,0,0.04483015000909435
4,4003,2025-05-08,0.0,-1856.7439556871582,0,0.04483015000909435
4,4003,2025-05-09,0.0,-1576.9204992287305,0,0.04483015000909435
4,4003,2025-05-12,0.0,-1551.754858640258,0,0.04483015000909435
4,4003,2025-05-13,0.0,-1525.8690420461478,0,0.04483015000909435
4,4003,2025-05-14,0.0,-915.4365786158868,0,0.04483015000909435
4,4003,2025-05-15,-261.81039999999996,-915.4365786158868,0,0.04483015000909435
4,4003,2025-05-16,0.0,-1927.7337108508984,0,0.04483015000909435
4,4003,2025-05-19,0.0,-933.5985259628624,0,0.04483015000909435
4,4003,2025-05-20,0.0,-908.7951864241604,0,0.04483015000909435
4,4003,2025-05-21,0.0,-824.7931434450762,0,0.04483015000909435
4,4004,2025-04-23,7774.739235000001,-20195.70275491778,0,0.08745402824976786
4,4004,2025-04-24,6898.4790889999995,-18915.177933779712,0,0.08745402824976786
4,4004,2025-04-25,6244.259881999999,-19413.08103041481,0,0.08745402824976786
4,4004,2025-04-28,-14227.812824999999,-24488.050108241812,0,0.08745402824976786
4,4004,2025-04-29,2563.40076,-25259.546738371177,0,0.08745402824976786
4,4004,2025-04-30,-32839.11499,-21571.809582618473,0,0.08745402824976786
4,4004,2025-05-01,-931.5389059999998,-22658.678284548394,0,0.08745402824976786
4,4004,2025-05-02,3723.280087,-19347.668548556943,0,0.08745402824976786
4,4004,2025-05-05,8410.468909,-22139.303881371667,0,0.08745402824976786
4,4004,2025-05-06,-326.3817650000005,-13067.100107429102,0,0.08745402824976786
4,4004,2025-05-07,288.30983700000206,-16970.715105468735,0,0.08745402824976786
4,4004,2025-05-08,-25077.259636000003,-20250.722141486924,0,0.08745402824976786
4,4004,2025-05-09,0.0,-17069.95170847056,0,0.08745402824976786
4,4004,2025-05-12,0.0,-19492.30023091231,0,0.07085475449590396
4,4004,2025-05-13,-37.038099999999986,-15412.549359732157,0,0.07085475449590396
4,4004,2025-05-14,-10349.783,-10281.679456246366,0,0.07085475449590396
4,4004,2025-05-15,641.5015239999993,-10337.866831523696,0,0.08745402824976786
4,4004,2025-05-16,0.0,-13730.968584165716,0,0.08745402824976786
4,4004,2025-05-19,-5656.654388,-8273.41569145295,0,0.07085475449590396
4,4004,2025-05-20,0.0,-8510.535226655351,0,0.08745402824976786
4,4004,2025-05-21,0.0,-8811.247652686512,0,0.07085475449590396
4,4396,2025-04-23,-11516.027838999998,-9995.040233417923,1,0.10479892070970817
4,4396,2025-04-24,-4447.901561,-8641.41283041128,0,0.10479892070970817
4,4396,2025-04-25,9062.472604999999,-8706.063600929856,0,0.10479892070970817
4,4396,2025-04-28,4310.801917000001,-9448.807036380773,0,0.08745402824976786
4,4396,2025-04-29,7723.003865000001,-8940.609636685012,0,0.10479892070970817
4,4396,2025-04-30,16474.372356,-8990.17414440371,0,0.08745402824976786
4,4396,2025-05-01,-9903.834289999999,-8714.296638056197,1,0.10479892070970817
4,4396,2025-05-02,-23634.439201999998,-7648.11529062379,1,0.10479892070970817
4,4396,2025-05-05,6738.796901,-8728.740182115056,0,0.04483015000909435
4,4396,2025-05-06,-3663.5565189999998,-13397.952219801757,0,0.08745402824976786
4,4396,2025-05-07,-6331.528345,-9209.395421142774,0,0.10479892070970817
4,4396,2025-05-08,3463.9629449999998,-9646.995368657135,0,0.10479892070970817
4,4396,2025-05-09,24264.160119,-10496.802514128973,0,0.10479892070970817
4,4396,2025-05-12,-9953.734919999999,-13277.05249681673,1,0.10479892070970817
4,4396,2025-05-13,-5548.35493398,-15457.47512551582,0,0.10126113016349707
4,4396,2025-05-14,7548.685656,-9950.868373806026,0,0.10479892070970817
4,4396,2025-05-15,10443.826446,-15230.40762417859,0,0.10126113016349707
4,4396,2025-05-16,-12343.478187,-23126.287596200913,1,0.10126113016349707
4,4396,2025-05-19,-3757.368831,-12522.598005566171,0,0.10126113016349707
4,4396,2025-05-20,-22014.991993,-7273.268382132477,1,0.10126113016349707
4,4396,2025-05-21,4206.2887,-8705.103465093225,0,0.10126113016349707
4,5093,2025-04-23,-65.8348,-668.0594333561661,0,0.04483015000909435
4,5093,2025-04-24,380.9272,-753.9956423141667,0,0.04483015000909435
4,5093,2025-04-25,0.0,-818.2458835329247,0,0.04483015000909435
4,5093,2025-04-28,-202.39589999999998,-909.6941821192446,1,0.11222678193705593
4,5093,2025-04-29,59.359700000000004,-671.2881221682852,0,0.11222678193705593
4,5093,2025-04-30,107.8677,-674.134758732289,0,0.11222678193705593
4,5093,2025-05-01,-25.75550000000001,-741.8607403719794,0,0.11222678193705593
4,5093,2025-05-02,0.0,-803.541832288628,0,0.11222678193705593
4,5093,2025-05-05,-200.5793,-729.3756965519141,1,0.11222678193705593
4,5093,2025-05-06,173.6789,-682.6406251934831,0,0.11222678193705593
4,5093,2025-05-07,-179.3432,-607.2951303999247,1,0.04483015000909435
4,5093,2025-05-08,0.0,-680.187275477576,0,0.11222678193705593
4,5093,2025-05-09,-31.072399999999984,-597.625649794533,0,0.04483015000909435
4,5093,2025-05-12,357.1458,-597.625649794533,0,0.04483015000909435
4,5093,2025-05-13,-48.7881,-740.5532475766823,0,0.04483015000909435
4,5093,2025-05-14,-146.5628,-751.9000614983835,1,0.11222678193705593
4,5093,2025-05-15,-18.1956,-776.3538180658014,0,0.11222678193705593
4,5093,2025-05-16,0.0,-669.3384358153402,0,0.11222678193705593
4,5093,2025-05-19,-128.70085,-707.3948952826719,0,0.11222678193705593
4,5093,2025-05-20,135.231,-703.969551081965,0,0.11222678193705593
4,5093,2025-05-21,-135.9279,-703.0306969065972,1,0.04483015000909435
4,5580,2025-04-23,350.71922300000006,-4993.198934060411,0,0.07085475449590396
4,5580,2025-04-24,2497.0622,-3834.980191121473,0,0.07085475449590396
4,5580,2025-04-25,1006.80086,-4984.8222997320245,0,0.07085475449590396
4,5580,2025-04-28,1056.5223,-3644.1212187037195,0,0.04483015000909435
4,5580,2025-04-29,2257.0717790000003,-2949.7818240004526,0,0.04483015000909435
4,5580,2025-04-30,-1975.595965,-3320.567546046799,0,0.04483015000909435
4,5580,2025-05-01,-306.3728,-3337.2170341970555,0,0.04483015000909435
4,5580,2025-05-02,-2289.5442590000002,-3103.9317338794312,0,0.04483015000909435
4,5580,2025-05-05,3350.8400899999997,-4013.0785325703982,0,0.04483015000909435
4,5580,2025-05-06,248.044346,-4078.0270290401254,0,0.04483015000909435
4,5580,2025-05-07,0.0,-5704.104492634096,0,0.07085475449590396
4,5580,2025-05-08,0.0,-4862.526476452736,0,0.07085475449590396
4,5580,2025-05-09,0.0,-3707.2968986997603,0,0.07085475449590396
4,5580,2025-05-12,-875.1662059999999,-3208.326633436127,0,0.04483015000909435
4,5580,2025-05-13,0.0,-3446.5868748265325,0,0.04483015000909435
4,5580,2025-05-14,-8263.918247,-3226.2298144196825,1,0.04483015000909435
4,5580,2025-05-15,739.359008,-3385.0456645510926,0,0.04483015000909435
4,5580,2025-05-16,975.3502,-6014.344660006859,0,0.07085475449590396
4,5580,2025-05-19,-606.4797,-5477.395647733009,0,0.07085475449590396
4,5580,2025-05-20,-105.62799999999993,-5626.535938337276,0,0.07085475449590396
4,5580,2025-05-21,810.766,-6164.309943796772,0,0.10479892070970817
5,3942,2025-05-22,1304.662692,-5632.27160460507,0,0.09159644475049174
5,3942,2025-05-23,0.0,-6288.901458336851,0,0.09159644475049174
5,3942,2025-05-26,-1633.9230810000001,-4851.509089596678,0,0.0792752483761467
5,3942,2025-05-27,1401.696291,-4162.9760906589045,0,0.04647489721002751
5,3942,2025-05-28,-1671.918526,-4085.8855094082624,0,0.10375826504365897
5,3942,2025-05-29,4395.656171,-4167.273346403388,0,0.04647489721002751
5,3942,2025-05-30,-641.0542360000001,-4164.005109698228,0,0.10375826504365897
5,3942,2025-06-02,1571.434587,-5810.154933622795,0,0.09159644475049174
5,3942,2025-06-03,-2784.857838,-5970.199284420892,0,0.09159644475049174
5,3942,2025-06-04,-1467.7259900000001,-5502.89151441562,0,0.09159644475049174
5,3942,2025-06-05,3582.052269,-5999.780934357669,0,0.09159644475049174
5,3942,2025-06-06,-4240.695496,-5727.959283467788,1,0.09159644475049174
5,3942,2025-06-09,707.2391470000001,-5538.606010172091,0,0.09159644475049174
5,3942,2025-06-10,-3550.792593,-5754.364578041615,1,0.09159644475049174
5,3942,2025-06-11,-5503.967063,-6155.75995144676,1,0.09159644475049174
5,3942,2025-06-12,0.0,-4524.626425264083,0,0.0792752483761467
5,3942,2025-06-13,0.0,-4073.0634923721127,0,0.0792752483761467
5,3942,2025-06-16,-989.5447770000001,-4014.017735319484,0,0.05243432163616131
5,3942,2025-06-17,281.9169600000001,-3979.5186735729126,0,0.09159644475049174
5,3942,2025-06-18,0.0,-3792.5179803488104,0,0.05243432163616131
5,3942,2025-06-19,3930.9771330000003,-3651.301364140779,0,0.05243432163616131
5,3943,2025-05-22,0.0,-755.2854247133052,0,0.04647489721002751
5,3943,2025-05-23,0.0,-755.2854247133052,0,0.04647489721002751
5,3943,2025-05-26,0.0,-755.3776203959931,0,0.04647489721002751
5,3943,2025-05-27,0.0,-755.3776203959931,0,0.04647489721002751
5,3943,2025-05-28,0.0,-755.3776203959931,0,0.04647489721002751
5,3943,2025-05-29,0.0,-755.3776203959931,0,0.04647489721002751
5,3943,2025-05-30,0.0,-755.3776203959931,0,0.04647489721002751
5,3943,2025-06-02,0.0,-755.3776203959931,0,0.04647489721002751
5,3943,2025-06-03,0.0,-755.3776203959931,0,0.04647489721002751
5,3943,2025-06-04,-0.8601,-755.3776203959931,0,0.04647489721002751
5,3943,2025-06-05,0.0,-1099.4852976052593,0,0.04647489721002751
5,3943,2025-06-06,0.0,-1114.0803829742658,0,0.04647489721002751
5,3943,2025-06-09,0.0,-1114.0803829742658,0,0.04647489721002751
5,3943,2025-06-10,0.0,-1114.0803829742658,0,0.04647489721002751
5,3943,2025-06-11,0.0,-1114.0803829742658,0,0.04647489721002751
5,3943,2025-06-12,0.0,-1114.0803829742658,0,0.04647489721002751
5,3943,2025-06-13,0.0,-1114.0803829742658,0,0.04647489721002751
5,3943,2025-06-16,0.0,-1114.0803829742658,0,0.04647489721002751
5,3943,2025-06-17,0.0,-1114.0803829742658,0,0.04647489721002751
5,3943,2025-06-18,0.0,-1114.0803829742658,0,0.04647489721002751
5,3943,2025-06-19,-484.13570000000004,-1114.0803829742658,0,0.04647489721002751
5,3946,2025-05-22,432.62419500000004,-3389.6052858724265,0,0.09828716568304441
5,3946,2025-05-23,0.0,-3153.0253095764974,0,0.09828716568304441
5,3946,2025-05-26,800.7034739999999,-2206.288209708191,0,0.09828716568304441
5,3946,2025-05-27,-1389.879393,-2470.670839651736,0,0.09828716568304441
5,3946,2025-05-28,1962.8676979999998,-2434.422749385116,0,0.09828716568304441
5,3946,2025-05-29,525.7843199999999,-2390.64225878975,0,0.045009632103616734
5,3946,2025-05-30,-400.08919999999995,-2866.6507631733793,0,0.09828716568304441
5,3946,2025-06-02,0.0,-2212.2811493677386,0,0.09828716568304441
5,3946,2025-06-03,-947.3619,-1841.8045654381995,0,0.09828716568304441
5,3946,2025-06-04,28.23644000000003,-2312.37229883469,0,0.09828716568304441
5,3946,2025-06-05,783.673,-2185.6272057658603,0,0.09828716568304441
5,3946,2025-06-06,986.9270160000001,-2062.285118059761,0,0.09828716568304441
5,3946,2025-06-09,-325.1867399999999,-2258.1333950713147,0,0.09828716568304441
5,3946,2025-06-10,-2444.8136,-2230.3261217265754,0,0.09828716568304441
5,3946,2025-06-11,764.912815,-2578.636493726413,0,0.09828716568304441
5,3946,2025-06-12,1166.3586379999997,-2631.288250395566,0,0.09828716568304441
5,3946,2025-06-13,-1422.2675709999999,-2861.2575224673265,0,0.10375826504365897
5,3946,2025-06-16,1190.294297,-3267.510517252334,0,0.09828716568304441
5,3946,2025-06-17,2790.2113480000003,-2806.567972877966,0,0.045009632103616734
5,3946,2025-06-18,0.0,-3134.1795404260347,0,0.045009632103616734
5,3946,2025-06-19,-2608.220435,-2438.4779335179287,0,0.045009632103616734
5,3950,2025-05-22,-10746.391354000001,-23652.010036732983,0,0.09159644475049174
5,3950,2025-05-23,0.0,-21867.31627069269,0,0.09159644475049174
5,3950,2025-05-26,13106.921558,-20128.12122171388,0,0.045009632103616734
5,3950,2025-05-27,9721.285242999998,-17501.036774335727,0,0.09159644475049174
5,3950,2025-05-28,17461.246328,-25062.74795146689,0,0.09159644475049174
5,3950,2025-05-29,9307.338639000001,-23300.86312042299,0,0.09159644475049174
5,3950,2025-05-30,0.0,-21377.44262108023,0,0.09159644475049174
5,3950,2025-06-02,6074.795029000001,-17598.665237601614,0,0.0792752483761467
5,3950,2025-06-03,4804.486895,-16450.40584162571,0,0.09159644475049174
5,3950,2025-06-04,26691.711736999998,-13170.602051068,0,0.0792752483761467
5,3950,2025-06-05,-17611.518604,-18526.846434287727,0,0.09159644475049174
5,3950,2025-06-06,-2048.201716,-19042.967440495962,0,0.09159644475049174
5,3950,2025-06-09,5939.566951530001,-20793.10597909701,0,0.09159644475049174
5,3950,2025-06-10,-1435.39548,-22239.281154430417,0,0.09159644475049174
5,3950,2025-06-11,13214.638910000001,-13745.098010151945,0,0.09159644475049174
5,3950,2025-06-12,25771.766856,-21546.35633030285,0,0.09159644475049174
5,3950,2025-06-13,15663.068432000002,-22776.922574448832,0,0.09159644475049174
5,3950,2025-06-16,2219.5958349999996,-21981.38602658512,0,0.09159644475049174
5,3950,2025-06-17,7035.3947100000005,-24175.462468923164,0,0.09159644475049174
5,3950,2025-06-18,0.0,-18564.551532054254,0,0.09159644475049174
5,3950,2025-06-19,-5979.605737000001,-17139.719516792564,0,0.0792752483761467
5,3951,2025-05-22,-1940.972066,-4149.559928703242,0,0.04647489721002751
5,3951,2025-05-23,0.0,-3739.686791876098,0,0.09159644475049174
5,3951,2025-05-26,2542.0384,-3979.4531943898855,0,0.045009632103616734
5,3951,2025-05-27,-1295.255662,-2942.335958130771,0,0.045009632103616734
5,3951,2025-05-28,-1680.0002220000001,-3729.36409482385,0,0.04647489721002751
5,3951,2025-05-29,2937.67882,-3697.579204134953,0,0.04647489721002751
5,3951,2025-05-30,2470.4861,-3203.213852905171,0,0.10375826504365897
5,3951,2025-06-02,-1353.843934,-4075.7544308204338,0,0.10375826504365897
5,3951,2025-06-03,-4116.028797,-6045.28755844578,0,0.09159644475049174
5,3951,2025-06-04,0.0,-4787.059342117534,0,0.0792752483761467
5,3951,2025-06-05,3082.7691999999997,-4257.212831692864,0,0.0792752483761467
5,3951,2025-06-06,3658.0621,-5396.055667142886,0,0.05243432163616131
5,3951,2025-06-09,1752.098182,-5525.9399928064,0,0.05243432163616131
5,3951,2025-06-10,-2509.39902,-5572.938612548415,0,0.08104971657871375
5,3951,2025-06-11,1203.2685899999997,-5334.900357546037,0,0.08104971657871375
5,3951,2025-06-12,-1987.1093099999998,-5051.8199958628575,0,0.08104971657871375
5,3951,2025-06-13,-1078.1026749999999,-5029.7423897394665,0,0.05243432163616131
5,3951,2025-06-16,-4207.4296,-5570.253353468631,0,0.08104971657871375
5,3951,2025-06-17,0.0,-5298.450932248573,0,0.05243432163616131
5,3951,2025-06-18,0.0,-4494.106799141372,0,0.05243432163616131
5,3951,2025-06-19,3300.4567950000005,-4012.626471704043,0,0.05243432163616131
5,3956,2025-05-22,0.0,-4171.462322851632,0,0.05123296883324751
5,3956,2025-05-23,0.0,-4434.999842324614,0,0.05243432163616131
5,3956,2025-05-26,-5506.626204,-4509.3857989917915,1,0.05243432163616131
5,3956,2025-05-27,0.0,-6602.639193011393,0,0.09159644475049174
5,3956,2025-05-28,-3893.521019,-4877.6155644957,0,0.045009632103616734
5,3956,2025-05-29,-809.2981,-5860.948940006664,0,0.10534794478519595
5,3956,2025-05-30,-3806.8021499999995,-4667.692950720417,0,0.045009632103616734
5,3956,2025-06-02,0.0,-5375.142299394138,0,0.10534794478519595
5,3956,2025-06-03,0.0,-4538.908006853878,0,0.045009632103616734
5,3956,2025-06-04,-1112.992,-4777.040718309628,0,0.05243432163616131
5,3956,2025-06-05,-6668.13935,-4616.5766252099875,1,0.05243432163616131
5,3956,2025-06-06,1571.2288,-4204.702066684009,0,0.045009632103616734
5,3956,2025-06-09,0.0,-4927.551337926664,0,0.045009632103616734
5,3956,2025-06-10,-2995.528014,-5037.952349883302,0,0.10391884476214817
5,3956,2025-06-11,482.17272,-5531.398928761912,0,0.10534794478519595
5,3956,2025-06-12,5161.97387,-5754.652315434712,0,0.09159644475049174
5,3956,2025-06-13,0.0,-5879.5336130268915,0,0.10534794478519595
5,3956,2025-06-16,1202.227552,-5533.586958931226,0,0.09439574679566479
5,3956,2025-06-17,0.0,-5305.440080312962,0,0.10534794478519595
5,3956,2025-06-18,0.0,-4757.558822163975,0,0.045009632103616734
5,3956,2025-06-19,-2993.1495999999997,-4797.521986723175,0,0.05243432163616131
5,4003,2025-05-22,-94.9312,-736.9931031188538,0,0.04647489721002751
5,4003,2025-05-23,0.0,-1027.136195416582,0,0.04647489721002751
5,4003,2025-05-26,-481.127551,-742.1996616376554,0,0.04647489721002751
5,4003,2025-05-27,0.0,-591.8791304381057,0,0.04647489721002751
5,4003,2025-05-28,0.0,-840.0066372601033,0,0.04647489721002751
5,4003,2025-05-29,2558.5161000000003,-319.7064181555334,0,0.04647489721002751
5,4003,2025-05-30,0.0,-3948.7622141916086,0,0.045009632103616734
5,4003,2025-06-02,0.0,-2358.8467082195752,0,0.045009632103616734
5,4003,2025-06-03,0.0,-2326.8233187479414,0,0.045009632103616734
5,4003,2025-06-04,-69.66759999999996,-2326.8233187479414,0,0.045009632103616734
5,4003,2025-06-05,-160.84,-1779.979287399905,0,0.04647489721002751
5,4003,2025-06-06,-133.1989,-1497.9454725725298,0,0.04647489721002751
5,4003,2025-06-09,0.0,-1379.7388499007516,0,0.04647489721002751
5,4003,2025-06-10,209.69564499999998,-1457.084780727462,0,0.04647489721002751
5,4003,2025-06-11,-1002.7778930000001,-1535.7771042220975,0,0.04647489721002751
5,4003,2025-06-12,210.57676899999998,-3014.2268692164357,0,0.04647489721002751
5,4003,2025-06-13,-156.1228,-2916.6378125711585,0,0.04647489721002751
5,4003,2025-06-16,0.0,-1296.4446977480907,0,0.04647489721002751
5,4003,2025-06-17,902.1635269999999,-932.199130104918,0,0.04647489721002751
5,4003,2025-06-18,0.0,-3159.032091473648,0,0.04647489721002751
5,4003,2025-06-19,0.0,-1870.8326509372912,0,0.04647489721002751
5,4004,2025-05-22,0.0,-8512.56864460666,0,0.05243432163616131
5,4004,2025-05-23,0.0,-8743.492200641484,0,0.05243432163616131
5,4004,2025-05-26,9027.2634,-7521.918342834762,0,0.05243432163616131
5,4004,2025-05-27,0.0,-9641.900900971757,0,0.08104971657871375
5,4004,2025-05-28,0.0,-11455.462840869475,0,0.05243432163616131
5,4004,2025-05-29,8976.045652,-9852.725728386313,0,0.05243432163616131
5,4004,2025-05-30,0.0,-10010.89631627262,0,0.09159644475049174
5,4004,2025-06-02,3879.9477239999997,-8306.626545979541,0,0.0792752483761467
5,4004,2025-06-03,0.0,-8456.54613374834,0,0.09159644475049174
5,4004,2025-06-04,0.0,-7819.5315282048605,0,0.0792752483761467
5,4004,2025-06-05,0.0,-8537.106793015793,0,0.0792752483761467
5,4004,2025-06-06,0.0,-8445.894301873539,0,0.05243432163616131
5,4004,2025-06-09,0.0,-8096.518970171417,0,0.05243432163616131
5,4004,2025-06-10,0.0,-6911.280641996874,0,0.05243432163616131
5,4004,2025-06-11,0.0,-6026.5836194347285,0,0.08040619174048164
5,4004,2025-06-12,0.0,-5669.185281640862,0,0.08040619174048164
5,4004,2025-06-13,0.0,-4595.12838645991,0,0.08040619174048164
5,4004,2025-06-16,0.0,-3657.2554176331864,0,0.08040619174048164
5,4004,2025-06-17,0.0,-3826.047936461403,0,0.08040619174048164
5,4004,2025-06-18,0.0,-3567.5910480730504,0,0.08040619174048164
5,4004,2025-06-19,17773.696401999998,-5440.3670050018,0,0.08040619174048164
5,4396,2025-05-22,-4535.8383269999995,-14175.839671164602,0,0.0792752483761467
5,4396,2025-05-23,0.0,-9742.16078555023,0,0.09159644475049174
5,4396,2025-05-26,1378.2105340000003,-9213.009951576414,0,0.0792752483761467
5,4396,2025-05-27,-16972.576321,-7998.645272667218,1,0.09159644475049174
5,4396,2025-05-28,-2393.5065459999996,-10246.98441636134,0,0.09159644475049174
5,4396,2025-05-29,10974.4115,-8836.461421863014,0,0.09159644475049174
5,4396,2025-05-30,8735.011792000001,-11441.244481953601,0,0.09159644475049174
5,4396,2025-06-02,-5936.76935,-8576.372213599845,0,0.09159644475049174
5,4396,2025-06-03,-12809.050669999999,-11692.75856395098,1,0.09159644475049174
5,4396,2025-06-04,4539.686883,-9353.958786592164,0,0.0792752483761467
5,4396,2025-06-05,10229.668040999999,-8264.47739424608,0,0.09439574679566479
5,4396,2025-06-06,-14881.584931,-9299.869473518595,1,0.09159644475049174
5,4396,2025-06-09,0.0,-15038.170517835399,0,0.09159644475049174
5,4396,2025-06-10,-5992.59,-10403.303784204998,0,0.045009632103616734
5,4396,2025-06-11,16.790881,-6448.046926349732,0,0.045009632103616734
5,4396,2025-06-12,-2823.2345,-7136.364343261425,0,0.045009632103616734
5,4396,2025-06-13,782.3661,-7818.789074873537,0,0.05243432163616131
5,4396,2025-06-16,-2312.0501059999997,-8214.263322429902,0,0.08104971657871375
5,4396,2025-06-17,-952.0509,-7982.847015896458,0,0.10391884476214817
5,4396,2025-06-18,0.0,-6451.612907946327,0,0.05243432163616131
5,4396,2025-06-19,-5372.679581,-6291.780053479405,0,0.05243432163616131
5,5093,2025-05-22,-34.409699999999994,-500.29811164359376,0,0.11134088995967405
5,5093,2025-05-23,0.0,-319.3995923528147,0,0.09360420633835081
5,5093,2025-05-26,-128.7424,-319.3995923528147,0,0.09360420633835081
5,5093,2025-05-27,-8.3071,-319.3995923528147,0,0.09360420633835081
5,5093,2025-05-28,-46.66805000000001,-324.14926087454194,0,0.045009632103616734
5,5093,2025-05-29,-79.5236,-322.9510604806643,0,0.09360420633835081
5,5093,2025-05-30,0.0,-678.6462195384308,0,0.09360420633835081
5,5093,2025-06-02,109.9451,-326.7382074956639,0,0.045009632103616734
5,5093,2025-06-03,-22.709299999999995,-431.66009892538926,0,0.045009632103616734
5,5093,2025-06-04,-156.04551,-320.59779274669233,1,0.045009632103616734
5,5093,2025-06-05,-46.1035,-319.3995923528147,0,0.09360420633835081
5,5093,2025-06-06,-4.386,-323.9259917388812,0,0.045009632103616734
5,5093,2025-06-09,0.0,-324.14926087454194,0,0.045009632103616734
5,5093,2025-06-10,-54.3315,-324.14926087454194,0,0.045009632103616734
5,5093,2025-06-11,-38.0031,-322.9510604806643,0,0.045009632103616734
5,5093,2025-06-12,178.5005,-322.9510604806643,0,0.045009632103616734
5,5093,2025-06-13,0.0,-415.977950092712,0,0.045009632103616734
5,5093,2025-06-16,91.441,-382.20811654566495,0,0.045009632103616734
5,5093,2025-06-17,0.3865,-434.32814777871766,0,0.045009632103616734
5,5093,2025-06-18,0.0,-320.59779274669233,0,0.045009632103616734
5,5093,2025-06-19,0.0,-320.59779274669233,0,0.09360420633835081
5,5580,2025-05-22,115.81485,-5664.318385487982,0,0.0792752483761467
5,5580,2025-05-23,0.0,-5898.632893224223,0,0.05243432163616131
5,5580,2025-05-26,948.6389,-6000.222663752857,0,0.05243432163616131
5,5580,2025-05-27,1189.4,-1895.1370416329526,0,0.045009632103616734
5,5580,2025-05-28,1381.975,-2486.7903122803873,0,0.045009632103616734
5,5580,2025-05-29,0.0,-2214.0512674966517,0,0.045009632103616734
5,5580,2025-05-30,1839.657861,-2095.806228829179,0,0.045009632103616734
5,5580,2025-06-02,-4144.985903,-3897.4482212425523,0,0.045009632103616734
5,5580,2025-06-03,-1711.4143000000001,-3460.531485066273,0,0.08715105151548476
5,5580,2025-06-04,861.7893,-4080.4407125070534,0,0.0792752483761467
5,5580,2025-06-05,1803.0323520000002,-4994.01114564758,0,0.05243432163616131
5,5580,2025-06-06,2140.1448,-5575.004202598441,0,0.08104971657871375
5,5580,2025-06-09,220.4817,-5136.245662125754,0,0.05243432163616131
5,5580,2025-06-10,-930.2033009999999,-4443.25887351902,0,0.05243432163616131
5,5580,2025-06-11,1201.846744,-5237.491312048808,0,0.05243432163616131
5,5580,2025-06-12,1055.3343599999998,-5109.963197276597,0,0.05243432163616131
5,5580,2025-06-13,1014.562,-3373.336643349258,0,0.045009632103616734
5,5580,2025-06-16,-2070.36575,-2182.9933161243553,0,0.09828716568304441
5,5580,2025-06-17,2045.7694000000001,-3651.358544309111,0,0.09828716568304441
5,5580,2025-06-18,0.0,-3441.335976901677,0,0.045009632103616734
5,5580,2025-06-19,2337.881348,-3676.724924800675,0,0.045009632103616734
